match_id,set,minutes,w_ace,w_df,w_sv_pt,w_1st_in,w_1st_won,w_2nd_won,w_sv_gms,w_bp_sv,w_bp_fc,l_ace,l_df,l_sv_pt,l_1st_in,l_1st_won,l_2nd_won,l_sv_gms,l_bp_sv,l_bp_fc
152919,0,92,4,1,62,45,33,8,10,4,5,0,5,61,32,18,2,10,4,13
152920,0,101,0,1,62,38,29,17,12,2,3,2,4,80,47,26,12,13,9,15
152921,0,144,10,3,112,65,52,26,19,5,7,9,3,103,73,50,18,19,4,9
152922,0,160,8,4,111,66,52,17,17,6,9,3,3,102,70,42,13,16,10,16
152923,0,91,13,4,69,43,36,15,12,5,5,0,5,84,37,21,21,12,6,12
152924,0,85,10,2,55,31,27,12,10,0,1,7,5,84,47,21,11,10,5,14
152925,0,238,8,2,130,69,53,30,21,6,10,13,6,151,89,59,31,22,13,19
152926,0,103,13,1,78,56,41,14,13,4,5,7,6,76,40,27,13,13,7,13
152927,0,223,28,4,129,88,72,23,22,2,4,9,5,145,87,65,29,21,5,8
152928,0,99,11,3,89,56,44,19,15,3,4,6,4,77,46,31,15,14,5,9
152929,0,293,12,10,196,122,80,31,27,15,22,7,6,189,117,73,31,26,10,20
152930,0,151,9,3,97,63,49,15,17,3,6,8,6,113,59,35,25,17,10,17
152931,0,186,5,1,118,72,44,29,16,6,11,3,7,116,72,40,21,15,7,14
152932,0,132,4,4,86,53,39,13,13,3,7,1,3,91,55,30,11,12,5,14
152933,0,107,8,5,79,55,47,14,14,3,3,4,4,94,56,39,18,14,4,8
152934,0,104,2,1,68,40,34,14,13,2,4,0,4,81,54,27,11,12,2,9
152935,0,192,8,5,120,65,46,33,19,5,7,8,8,122,77,51,21,18,9,14
152936,0,64,6,0,43,31,23,8,6,1,2,3,2,57,31,23,12,6,6,7
152937,0,140,11,2,100,75,53,14,16,9,11,6,8,96,56,37,16,15,11,17
152938,0,116,3,0,75,66,47,5,13,2,4,4,4,118,80,42,16,14,7,14
152939,0,227,27,3,161,96,78,32,25,6,9,3,3,163,102,67,36,25,6,12
152940,0,113,5,0,75,45,34,20,13,1,2,1,3,77,49,27,14,12,5,11
152941,0,144,10,4,99,47,38,30,15,4,6,7,5,119,65,42,27,16,5,10
152942,0,142,12,6,111,61,43,26,15,8,10,3,7,112,61,41,19,15,6,11
152943,0,200,13,2,135,72,48,40,22,6,11,4,4,136,82,48,26,23,3,13
152944,0,120,6,3,84,53,37,23,15,2,3,7,2,89,50,31,20,15,7,12
152945,0,137,10,3,89,62,51,14,15,1,2,8,2,110,72,45,16,14,12,16
152946,0,112,7,0,86,62,47,12,12,2,3,2,5,92,49,31,13,13,5,12
152947,0,243,24,5,149,94,79,26,26,4,7,7,3,172,119,80,24,25,11,16
152948,0,121,3,0,78,56,36,14,13,11,14,6,4,80,41,26,10,14,4,12
152949,0,156,3,4,93,62,42,17,16,5,9,6,9,129,72,45,21,16,5,12
152950,0,174,11,5,120,59,42,34,19,6,9,9,3,112,78,50,18,20,3,9
152951,0,123,11,2,73,45,41,18,14,3,3,10,2,97,65,45,14,14,9,13
152952,0,150,5,3,118,78,53,21,17,5,7,2,8,119,66,43,20,16,4,11
152953,0,193,16,3,134,82,57,25,21,8,14,2,7,154,101,67,26,21,9,14
152954,0,235,9,2,143,84,64,35,24,5,8,2,1,154,110,68,22,25,6,14
152955,0,210,7,4,132,78,61,25,22,6,9,10,0,135,91,61,23,22,5,10
152956,0,151,5,2,107,65,38,21,14,8,13,4,1,102,77,50,12,15,7,10
152957,0,137,2,5,101,61,45,20,15,4,7,7,3,76,36,24,18,14,6,11
152958,0,179,11,6,138,80,60,23,19,9,13,7,3,101,69,48,11,18,2,8
152959,0,150,15,1,92,53,41,23,19,1,5,8,8,121,65,45,21,20,10,18
152960,0,105,1,3,66,37,27,18,12,0,2,1,1,95,71,32,9,11,16,24
152961,0,86,12,4,81,47,42,17,13,5,5,5,7,71,37,26,12,12,3,8
152962,0,251,7,3,171,104,73,36,26,9,13,15,11,178,106,70,36,26,14,21
152963,0,124,24,3,104,81,61,10,16,5,7,2,8,102,66,47,16,17,5,10
152964,0,206,9,3,127,85,63,15,20,8,13,8,12,122,64,50,23,18,7,12
152965,0,152,2,8,126,79,58,23,20,7,10,14,3,127,87,48,27,20,8,14
152966,0,98,14,2,87,56,44,18,14,3,4,4,4,89,36,23,22,14,7,13
152967,0,172,7,6,113,59,51,29,20,2,4,4,4,113,61,42,27,19,2,7
152968,0,94,7,1,68,41,33,18,12,3,4,2,4,63,31,14,13,11,3,10
152969,0,266,13,9,199,128,85,37,27,9,13,2,18,176,97,66,34,25,13,19
152970,0,113,5,4,86,55,41,17,13,5,6,0,3,80,48,28,11,12,7,13
152971,0,100,1,3,98,59,41,24,13,10,11,3,6,83,45,28,11,13,4,11
152972,0,109,18,1,80,36,33,26,13,5,6,5,1,79,44,32,13,14,2,8
152973,0,197,11,6,156,91,68,33,24,19,22,19,8,140,77,64,29,24,11,15
152974,0,182,15,3,129,82,62,22,20,9,12,7,15,136,75,53,29,20,7,11
152975,0,124,19,4,95,63,54,16,16,5,6,7,8,99,48,37,26,16,5,8
152976,0,67,3,0,44,25,14,12,8,2,4,3,1,58,36,16,12,9,1,5
152977,0,201,2,6,134,104,58,16,22,2,11,3,8,139,91,48,21,22,11,22
152978,0,198,8,6,129,74,57,31,17,11,12,13,9,118,64,46,28,16,8,10
152979,0,189,27,4,122,78,63,28,24,5,8,13,3,136,80,61,29,24,7,11
152980,0,158,5,7,117,73,49,23,20,5,9,4,4,123,72,41,22,20,8,17
152981,0,144,20,1,104,73,60,19,19,1,3,14,8,138,78,56,29,20,11,16
152982,0,106,8,2,62,42,36,13,12,2,2,5,2,75,49,24,12,12,4,10
152983,0,102,9,2,65,36,29,19,12,1,2,3,3,73,38,24,11,12,6,13
152984,0,170,8,2,121,83,53,14,18,5,11,3,5,125,77,48,21,17,9,16
152985,0,175,17,6,123,67,54,30,21,9,11,10,4,135,73,58,25,21,2,7
152986,0,132,11,2,78,45,37,17,14,3,5,8,2,91,56,38,19,14,4,7
152987,0,191,11,3,105,62,49,26,19,2,5,9,6,145,99,65,20,20,11,15
152988,0,99,5,0,60,37,28,12,11,0,2,4,5,82,54,25,13,10,11,17
152989,0,144,1,3,96,68,40,15,15,7,12,0,5,89,51,26,15,14,7,15
152990,0,208,6,5,145,99,68,24,23,7,10,5,9,147,95,60,24,23,3,10
152991,0,118,9,2,77,51,43,16,14,1,1,2,2,95,54,35,18,13,8,12
152992,0,193,12,8,136,80,53,27,24,6,14,1,6,150,115,67,12,24,6,17
152993,0,218,5,3,138,87,62,28,25,6,11,7,2,155,82,52,38,24,11,18
152994,0,165,3,5,115,70,48,22,16,9,12,1,2,109,61,38,20,16,9,16
152995,0,252,6,6,158,100,64,28,24,9,16,3,3,170,110,70,29,24,11,18
152996,0,181,2,3,127,86,53,21,20,6,12,6,2,126,83,56,17,20,11,19
152997,0,168,3,0,109,76,53,19,19,3,6,7,5,123,73,51,20,19,9,15
152998,0,118,15,3,93,70,52,11,16,4,6,2,7,95,50,32,24,16,5,10
152999,0,180,5,1,116,68,44,28,17,7,11,5,0,102,63,39,19,16,1,6
153000,0,50,1,1,26,21,19,2,5,2,2,0,0,36,18,7,5,5,2,6
153001,0,121,4,2,68,47,42,15,14,3,3,5,3,106,65,39,18,14,7,12
153002,0,162,14,5,85,54,41,15,15,0,3,3,9,110,63,42,15,16,5,12
153003,0,198,16,4,149,91,69,25,24,10,16,2,9,157,93,53,35,23,11,20
153004,0,133,6,1,119,81,62,25,20,1,3,23,7,118,73,62,18,19,7,10
153005,0,203,20,2,132,87,63,28,20,9,12,1,2,138,103,74,16,20,6,9
153007,0,114,21,1,78,45,41,19,13,1,1,1,0,80,48,29,17,12,3,8
153008,0,155,15,4,117,81,63,18,19,1,3,10,4,109,57,42,29,18,5,9
153009,0,190,4,4,132,70,49,31,20,7,12,1,8,138,77,45,27,21,7,14
153010,0,209,9,2,143,92,64,32,23,4,7,13,5,158,93,65,26,24,14,22
153011,0,281,43,2,191,120,86,37,29,10,15,7,5,177,113,82,37,28,6,10
153012,0,145,6,5,103,57,43,22,16,4,7,0,2,100,84,45,9,16,6,12
153013,0,143,8,1,107,68,49,25,17,4,5,2,2,103,60,41,20,17,7,12
153014,0,149,2,2,80,51,38,16,14,2,4,8,4,94,59,36,16,15,4,10
153015,0,74,7,1,52,32,27,14,10,1,1,0,5,66,43,21,5,10,6,14
153016,0,186,7,7,136,77,57,32,21,6,8,23,6,115,61,47,28,19,2,5
153017,0,97,7,1,68,41,29,20,13,0,1,5,1,75,37,19,18,12,6,12
153018,0,128,1,4,84,46,30,21,14,3,6,1,1,86,55,29,8,13,5,13
153019,0,109,7,2,77,46,32,22,12,5,5,2,3,78,45,32,6,12,7,13
153020,0,220,5,2,148,98,62,24,24,7,15,9,11,159,106,68,19,25,17,25
153021,0,205,5,4,121,85,58,18,21,1,7,8,3,156,104,62,22,22,6,13
153022,0,91,7,1,70,40,33,19,12,6,6,0,1,68,48,23,12,12,1,7
153023,0,138,4,0,93,49,38,29,14,2,3,1,1,98,66,43,12,15,3,8
153024,0,112,8,1,60,34,29,15,11,0,0,6,3,67,39,22,10,12,3,10
153025,0,229,12,2,197,134,84,36,26,12,17,22,3,151,69,54,43,25,5,9
153026,0,137,9,0,99,61,49,28,17,2,2,15,3,119,83,63,13,16,4,6
153027,0,167,14,6,107,57,46,32,16,4,4,18,5,119,83,59,14,15,9,11
153028,0,147,7,0,90,58,40,21,15,0,3,4,2,118,72,41,21,15,11,17
153029,0,206,16,12,153,86,65,43,25,3,4,29,3,147,108,78,17,25,5,11
153030,0,115,2,0,68,55,47,6,13,4,5,8,3,78,52,31,11,13,6,12
153031,0,176,15,3,102,63,46,22,18,2,6,3,6,124,66,45,21,17,4,12
153032,0,107,5,3,73,46,40,10,13,1,3,1,3,82,57,29,13,14,2,9
153033,0,49,4,0,34,22,15,7,7,1,3,0,0,47,33,6,7,8,4,12
153034,0,210,1,5,125,82,57,23,21,8,12,13,3,142,82,56,26,20,12,18
153035,0,126,5,1,69,43,35,14,12,2,3,3,3,87,50,32,9,13,9,16
153036,0,104,13,3,76,44,37,18,13,4,5,0,2,95,71,39,10,13,4,10
153037,0,234,27,4,149,84,73,38,23,7,9,16,4,157,90,68,39,23,8,9
153038,0,145,4,1,71,57,46,9,14,3,4,10,6,109,62,41,18,14,13,18
153039,0,164,3,0,91,47,34,29,15,2,4,2,1,98,64,39,17,14,7,12
153040,0,132,4,3,81,36,28,26,13,8,10,1,2,94,56,30,14,12,11,18
153041,0,119,4,1,77,44,39,19,14,5,6,5,3,87,58,33,16,13,3,8
153042,0,256,7,2,142,100,76,21,21,11,13,17,5,162,100,74,28,22,8,13
153043,0,290,11,6,171,104,69,30,24,17,24,9,10,174,110,69,20,25,15,26
153044,0,222,4,1,141,109,75,20,21,7,10,11,5,135,86,57,27,21,10,16
153045,0,353,9,2,166,98,67,43,27,2,6,10,4,203,135,88,32,27,13,20
155927,0,84,26,3,75,48,43,16,14,2,2,3,2,81,41,27,22,13,6,10
155928,0,239,3,9,167,110,72,30,26,12,18,16,4,172,104,69,30,26,13,21
155929,0,133,27,2,116,80,64,22,20,0,0,5,6,125,62,47,34,20,5,9
155930,0,222,13,4,156,111,77,21,24,9,14,3,3,179,131,81,23,26,7,15
155931,0,118,2,0,84,46,31,22,12,4,6,1,6,76,48,24,9,12,5,13
155932,0,89,3,1,82,52,39,21,14,2,2,0,2,72,48,27,15,13,5,9
155933,0,115,5,7,99,53,36,21,13,8,12,1,3,75,46,16,14,13,6,15
155934,0,174,9,2,134,101,74,18,21,4,7,5,3,127,83,63,19,19,5,8
155935,0,113,6,0,72,45,35,18,12,4,4,1,5,86,49,32,12,12,6,12
155936,0,202,5,9,141,84,61,30,24,8,13,6,12,129,79,56,22,23,3,9
155937,0,82,10,2,63,42,34,12,11,2,2,1,4,73,40,18,13,11,9,16
155938,0,149,1,7,122,77,49,26,20,4,9,6,5,129,74,45,25,20,10,18
155939,0,161,5,4,117,71,47,25,18,4,8,2,4,121,92,51,12,19,10,18
155940,0,131,5,2,92,47,35,27,15,6,8,1,2,93,69,42,9,15,6,12
155941,0,110,2,0,71,48,37,15,14,3,5,0,1,85,51,30,16,13,9,15
155942,0,138,4,2,104,75,59,16,17,3,3,16,4,110,69,51,21,17,5,7
155943,0,209,3,9,162,81,50,39,23,7,15,17,10,156,94,65,27,24,14,21
155944,0,255,21,3,179,106,77,36,26,15,19,5,9,192,119,90,30,26,11,16
155945,0,239,5,4,196,127,86,37,26,14,18,13,7,149,93,70,28,25,6,12
155946,0,121,12,3,95,50,43,24,14,6,6,3,5,95,57,39,15,14,5,9
155947,0,205,10,9,134,80,59,27,20,4,9,4,6,141,83,57,29,19,8,12
155948,0,159,6,5,121,86,61,20,19,5,7,6,3,123,83,53,18,18,9,16
155949,0,190,35,6,154,83,67,45,26,3,5,21,8,165,95,76,26,26,8,15
155950,0,197,15,6,159,100,70,28,24,11,15,4,4,142,84,63,21,24,6,14
155951,0,110,4,1,95,61,40,20,13,13,14,2,2,77,39,25,15,13,3,9
155952,0,135,12,4,99,59,48,17,15,3,5,3,3,98,56,33,22,16,3,9
155953,0,106,6,2,75,47,40,16,14,2,3,5,1,99,63,35,20,14,2,7
155954,0,265,15,10,207,119,83,41,31,7,14,14,5,207,129,85,42,30,9,17
155955,0,119,12,4,96,59,51,20,15,6,7,10,7,96,55,41,18,15,2,6
155956,0,182,14,1,107,64,50,21,17,2,5,5,3,127,62,42,28,16,8,13
155957,0,76,7,0,58,43,36,12,12,0,0,5,5,61,36,19,10,11,4,10
155958,0,185,16,7,132,63,48,34,21,6,11,11,6,141,79,51,30,22,8,15
155959,0,177,21,8,127,72,64,23,20,3,4,12,4,138,84,56,23,19,7,12
155960,0,131,5,3,84,52,34,25,13,4,6,7,4,99,57,39,18,12,4,6
155961,0,89,12,1,71,43,37,17,13,3,3,6,2,77,51,32,13,13,7,12
155962,0,120,3,1,101,64,47,26,19,2,4,7,0,116,69,45,25,18,12,17
155963,0,157,11,1,115,79,59,18,18,4,6,12,4,119,65,46,25,19,6,11
155964,0,142,9,3,106,58,44,29,15,11,11,2,8,89,43,30,23,15,6,10
155965,0,124,8,5,94,54,37,25,17,2,5,1,1,102,67,37,18,16,6,12
155966,0,188,5,7,159,98,71,32,22,10,12,14,3,129,74,58,32,22,1,5
155967,0,121,10,1,87,53,41,24,16,2,3,9,3,86,49,33,12,16,4,11
155968,0,165,26,15,133,80,67,23,21,3,7,7,5,140,77,51,34,21,9,16
155969,0,202,9,2,146,105,77,19,21,8,11,15,8,152,91,70,28,23,11,16
155970,0,127,6,3,100,58,47,27,16,3,3,6,2,116,83,53,19,16,10,13
155971,0,112,4,4,88,51,36,23,14,6,8,2,1,82,49,27,17,13,13,19
155972,0,97,4,1,74,54,39,10,12,5,7,2,1,67,34,19,12,13,5,13
155973,0,106,12,4,85,60,49,15,15,2,2,5,3,85,47,31,22,15,4,8
155974,0,173,6,3,129,72,52,31,19,2,5,9,7,121,75,40,22,19,10,18
155975,0,266,27,4,200,123,96,34,29,11,16,14,9,207,114,78,51,29,10,15
155976,0,120,4,1,85,59,42,14,13,5,6,4,8,86,48,30,14,12,8,14
155977,0,222,19,4,185,124,86,31,28,7,12,18,8,176,97,65,46,27,5,10
155978,0,194,14,2,135,74,49,32,20,7,12,4,6,132,75,48,26,20,12,20
155979,0,135,6,2,114,81,59,18,16,12,12,13,8,106,61,46,20,16,5,8
155980,0,96,14,0,68,41,36,17,14,0,1,6,5,90,58,36,12,13,4,10
155981,0,145,30,5,107,67,55,25,18,4,5,3,1,128,85,53,22,18,11,15
155982,0,121,9,2,95,57,43,24,16,1,3,8,1,109,73,51,15,16,7,12
155983,0,117,12,2,103,74,57,15,16,4,6,6,2,92,60,39,16,16,1,6
155984,0,106,10,2,76,50,46,12,14,3,3,0,4,80,44,28,20,13,5,9
155985,0,109,14,2,96,71,58,16,19,2,3,13,1,98,61,45,22,18,3,6
155986,0,92,7,0,64,42,38,14,13,0,0,4,2,70,44,29,11,13,2,7
155987,0,162,4,3,133,91,55,27,18,16,19,1,2,118,78,48,19,19,9,16
155988,0,83,3,0,69,45,38,14,12,3,3,8,8,89,54,35,11,13,6,12
155989,0,91,7,0,56,41,35,13,12,0,0,6,3,90,57,32,12,12,7,13
155990,0,115,13,2,79,58,45,11,13,2,2,15,5,83,50,36,11,13,4,9
155991,0,66,5,1,47,30,21,9,8,3,4,5,0,53,36,25,11,7,4,5
155992,0,108,11,5,83,44,33,18,11,5,7,0,4,89,54,33,17,10,8,11
155993,0,106,19,2,90,65,52,13,15,2,2,6,5,87,51,34,17,14,5,9
155994,0,117,2,3,74,52,35,14,12,4,6,3,5,91,44,26,15,12,7,15
155995,0,229,16,5,177,116,81,39,26,9,10,4,3,154,118,78,22,24,9,14
155996,0,120,8,2,73,46,36,17,13,3,4,6,7,101,57,39,14,13,10,16
155997,0,158,3,3,108,66,49,23,19,7,10,5,3,121,78,48,17,18,14,21
155998,0,133,6,2,94,50,36,28,17,2,4,2,1,115,68,45,21,17,11,17
155999,0,225,20,1,136,87,67,28,23,4,6,4,4,177,109,71,39,24,14,17
156000,0,138,6,3,97,66,48,15,15,2,5,3,6,91,58,35,12,14,6,12
156001,0,101,10,2,83,53,42,15,13,5,6,4,8,78,38,25,17,12,4,10
156002,0,240,14,12,171,105,74,29,23,14,18,9,3,157,97,59,29,23,10,19
156003,0,214,9,5,148,95,65,28,23,8,15,13,7,167,118,75,22,23,10,17
156004,0,231,15,2,155,92,69,31,25,11,15,14,1,156,102,73,28,25,6,11
156005,0,104,21,2,75,55,48,10,13,1,1,10,3,79,41,28,16,13,5,10
156006,0,136,8,6,105,74,60,15,17,7,8,5,4,93,68,45,11,16,6,11
156007,0,247,13,6,183,111,84,47,28,6,7,16,1,191,118,90,42,28,5,7
156008,0,119,9,2,76,41,38,23,15,0,0,1,1,94,67,45,11,15,9,13
156009,0,170,12,8,133,69,54,32,19,7,10,7,5,123,74,51,23,18,8,12
156010,0,217,30,23,165,97,74,28,25,5,10,10,5,161,104,77,27,24,4,8
156011,0,77,5,0,70,38,31,22,12,3,3,4,3,72,46,30,7,12,4,10
156012,0,101,15,0,77,45,36,21,13,0,0,3,1,77,49,31,12,13,3,8
156013,0,123,17,2,100,58,48,24,16,3,4,5,3,78,43,32,20,14,1,4
156014,0,292,21,8,195,117,91,37,29,8,12,25,6,187,108,79,35,29,15,21
156015,0,198,33,4,179,111,92,33,26,17,18,9,3,147,94,69,26,23,5,10
156016,0,100,12,1,69,39,31,19,13,1,2,7,1,84,59,35,6,12,7,13
156017,0,108,18,6,81,52,45,17,14,2,3,13,6,96,46,31,25,15,3,8
156018,0,109,12,0,88,53,48,23,15,3,3,8,3,94,67,48,13,15,3,6
156019,0,175,26,3,148,114,89,20,24,1,1,23,4,159,104,79,36,24,6,7
156020,0,119,9,2,91,62,47,19,15,0,0,9,3,106,70,44,17,14,10,13
156021,0,142,7,1,85,55,47,20,16,2,2,4,3,107,74,51,14,15,8,11
156022,0,129,13,5,105,56,47,28,17,3,4,12,3,111,75,59,16,17,5,8
156023,0,226,9,4,147,113,85,16,25,5,9,5,4,162,110,75,28,24,9,14
156024,0,109,13,1,76,49,40,17,13,1,1,3,1,82,54,31,11,12,5,10
156025,0,117,5,1,85,54,37,18,14,3,5,4,1,76,43,23,17,13,3,9
156026,0,126,7,1,97,66,51,20,15,3,4,5,1,92,51,35,17,14,3,7
156027,0,125,18,0,91,51,44,29,16,0,0,11,2,96,66,53,13,15,7,9
156028,0,209,13,1,129,68,46,42,23,1,4,12,3,145,92,67,28,23,7,10
156029,0,225,19,7,159,93,73,34,24,5,7,13,3,149,100,74,25,24,12,17
156030,0,218,5,5,162,90,64,31,24,12,19,13,5,136,68,51,28,23,8,17
156031,0,283,0,4,182,125,70,31,26,16,25,9,11,166,111,75,23,25,17,25
156032,0,132,15,0,114,77,55,14,16,9,12,6,3,87,50,31,15,15,7,13
156033,0,79,7,0,69,49,37,13,12,4,5,1,4,74,50,21,14,13,2,9
156034,0,145,11,1,112,63,55,24,19,3,5,9,3,114,63,42,24,18,8,13
156035,0,112,23,1,86,56,46,23,16,0,0,5,3,94,48,34,30,15,2,4
156036,0,118,11,4,95,67,59,12,15,1,1,8,2,121,84,57,15,14,13,16
156037,0,302,7,5,195,129,92,36,32,11,18,16,2,214,133,91,42,31,8,15
156038,0,164,7,2,112,58,46,29,15,5,7,11,1,111,77,50,14,14,7,12
156039,0,130,6,3,96,65,45,15,13,11,13,1,3,95,58,31,12,12,4,11
156040,0,62,5,1,43,22,19,13,7,1,1,2,0,46,24,14,7,7,5,9
156041,0,162,10,10,124,81,62,20,19,9,11,9,3,119,75,52,16,18,9,15
156042,0,95,12,0,63,39,30,14,12,0,2,1,2,90,60,34,9,13,7,15
156043,0,140,11,1,106,58,47,27,18,6,7,7,4,102,59,46,21,18,5,9
156044,0,113,14,1,78,50,45,21,15,0,0,19,5,96,63,44,17,15,4,7
156045,0,151,10,2,97,65,51,20,17,3,4,8,5,107,64,42,18,17,8,14
156046,0,224,16,0,149,103,74,23,26,5,12,15,4,166,77,56,42,26,13,21
156047,0,111,7,1,75,51,41,7,12,3,5,6,3,77,52,31,5,13,3,11
156048,0,214,6,3,158,98,76,33,26,4,9,20,1,175,117,88,27,26,14,18
156049,0,89,6,0,51,32,29,15,11,0,0,1,3,75,45,25,9,12,0,7
156050,0,240,21,0,157,100,75,36,26,4,6,5,2,171,106,77,28,25,10,16
156051,0,220,8,3,134,84,63,33,21,4,4,7,4,131,81,64,24,20,8,11
155925,0,102,9,2,77,49,41,21,15,3,3,5,4,86,58,42,11,15,3,7
155926,0,157,10,2,116,69,46,29,20,9,14,3,3,131,91,61,17,20,6,12
158869,0,41,5,1,26,16,14,6,5,0,0,3,1,28,19,15,3,5,0,1
158870,0,182,6,9,147,79,55,36,19,5,9,20,4,123,73,57,22,19,2,5
158871,0,242,16,12,148,74,54,43,21,10,12,6,8,136,66,51,36,21,6,10
158872,0,111,10,5,78,51,44,17,15,0,0,2,1,93,57,42,17,15,1,4
158873,0,258,17,5,176,103,72,40,29,6,13,23,5,177,90,76,38,28,11,18
158874,0,154,0,5,106,77,58,16,16,3,4,11,6,124,81,55,19,15,5,7
158875,0,183,7,7,132,80,53,30,21,4,8,2,10,135,84,56,21,20,5,10
158876,0,221,6,5,143,96,69,26,23,6,9,13,9,172,103,68,30,24,8,15
158877,0,144,21,7,101,65,56,17,18,3,6,5,5,122,69,43,25,19,13,20
158878,0,136,8,4,120,78,59,24,17,5,6,7,6,104,57,44,22,16,5,7
158879,0,108,9,5,76,47,33,11,12,4,7,1,3,101,64,32,12,12,10,19
158880,0,154,14,4,108,62,55,30,20,0,0,10,9,130,75,54,28,21,4,8
158881,0,132,24,6,106,60,54,22,16,3,4,12,3,108,65,48,19,15,9,12
158882,0,152,34,13,123,69,63,22,21,4,7,12,5,124,65,44,32,20,2,8
158883,0,90,1,1,61,50,37,7,11,1,2,8,5,89,54,28,10,11,10,18
158884,0,184,16,3,115,73,61,24,21,1,2,29,1,114,65,52,25,20,4,8
158885,0,87,11,2,59,41,33,11,11,0,0,6,3,74,45,28,6,12,6,13
158886,0,209,18,9,166,96,64,33,25,13,20,11,2,165,110,66,23,25,15,26
158887,0,94,9,6,73,46,39,19,14,2,2,10,5,96,69,47,12,15,7,12
158888,0,133,12,2,95,62,50,18,16,5,7,6,1,104,54,34,28,16,3,7
158889,0,113,4,2,71,33,25,21,13,1,5,16,11,107,58,40,9,14,8,17
158890,0,126,15,0,89,61,48,17,16,2,4,11,4,100,60,43,18,17,3,8
158891,0,128,6,8,102,69,57,13,15,8,8,4,1,92,58,38,16,15,5,9
158892,0,82,9,2,58,32,27,21,11,3,3,10,0,67,52,36,6,10,3,5
158893,0,110,15,1,82,51,37,23,15,1,2,2,6,99,60,37,18,15,8,13
158894,0,132,8,6,99,53,40,23,16,4,8,5,8,92,57,43,14,15,3,7
158895,0,192,22,4,120,70,58,29,23,1,3,13,3,149,91,64,27,23,3,8
158896,0,272,32,17,257,143,114,57,35,23,25,41,4,204,128,108,37,35,6,10
158897,0,146,20,6,115,70,59,24,19,4,5,7,6,111,64,44,25,19,9,14
158898,0,171,5,4,114,66,49,24,18,3,6,14,8,131,72,50,21,18,8,17
158899,0,167,10,6,103,65,43,22,16,7,11,5,11,122,62,37,29,16,8,14
158900,0,106,11,5,78,45,40,19,14,1,1,13,3,92,48,36,19,14,13,17
158901,0,110,8,0,71,47,39,19,14,2,2,8,2,93,57,37,17,14,10,14
158902,0,162,19,13,133,84,63,20,18,11,13,3,5,126,74,46,29,18,7,11
158903,0,86,4,3,68,36,31,19,12,1,2,2,6,82,60,31,6,13,5,12
158904,0,114,8,2,100,83,68,12,17,2,3,25,1,101,67,55,18,16,1,3
158905,0,229,21,9,146,92,76,28,25,4,6,16,10,162,92,69,43,25,11,14
158906,0,185,20,3,137,76,60,31,21,5,8,8,0,144,94,57,30,22,7,12
158907,0,228,6,6,168,109,67,32,21,9,13,9,4,145,83,49,32,21,9,16
158908,0,80,7,3,60,35,27,11,9,1,2,4,7,60,31,22,11,10,0,4
158909,0,109,5,2,86,59,39,17,13,3,5,2,8,75,37,24,12,12,2,9
158910,0,105,6,1,83,49,37,21,14,2,3,1,2,96,57,35,18,14,6,11
158911,0,115,2,1,90,66,40,15,14,4,7,2,3,84,51,32,10,14,5,12
158912,0,196,17,11,162,104,74,27,21,7,10,13,7,131,79,57,22,21,4,9
158913,0,110,9,3,88,58,46,16,14,5,5,9,7,86,47,39,15,14,5,9
158914,0,123,8,4,91,53,42,23,16,2,3,10,3,114,57,40,25,16,11,16
158915,0,177,3,3,140,81,52,37,23,2,6,21,12,131,69,50,28,23,4,11
158916,0,125,2,6,83,44,28,21,15,2,7,2,4,88,60,34,7,14,4,12
158917,0,65,4,1,35,22,20,6,7,1,2,0,0,56,36,18,10,8,5,9
158918,0,189,4,2,123,74,50,23,18,10,14,2,3,156,86,55,23,19,18,28
158919,0,184,7,7,132,89,58,23,23,9,15,7,4,136,87,63,23,23,6,12
158920,0,103,6,4,75,50,45,13,14,2,2,16,4,93,60,40,17,15,6,10
158921,0,212,13,0,144,82,62,43,26,4,7,11,12,185,91,71,42,28,12,18
158922,0,183,16,4,131,87,62,24,22,1,5,7,7,147,78,47,34,21,12,19
158923,0,219,6,4,135,104,76,11,23,8,14,8,12,168,100,68,25,23,17,24
158924,0,113,12,0,85,58,43,13,15,4,7,3,0,76,48,26,12,14,3,10
158925,0,89,3,4,55,27,19,14,8,4,6,0,11,84,44,25,14,9,14,20
158926,0,218,2,5,176,103,66,34,26,8,17,5,3,170,113,72,25,25,7,17
158927,0,133,24,4,117,74,60,22,19,5,7,9,3,113,72,50,23,19,3,7
158928,0,189,17,11,144,76,59,32,19,9,12,0,4,111,84,63,12,18,2,5
158929,0,116,8,6,99,52,39,24,13,6,7,1,8,84,42,24,19,12,3,9
158930,0,156,9,1,105,80,56,16,16,8,9,9,4,127,66,53,20,16,9,13
158931,0,70,13,1,54,33,31,13,11,0,0,1,4,68,41,23,9,12,7,14
158932,0,110,9,0,79,54,45,17,15,2,3,5,1,92,56,35,18,13,4,8
158933,0,113,7,1,74,56,46,10,13,3,3,4,2,78,52,33,10,13,5,10
158934,0,123,13,3,91,56,47,23,16,0,1,5,9,118,69,48,23,16,7,11
158935,0,211,6,15,177,106,71,30,25,12,18,12,10,148,84,57,33,24,9,15
158936,0,109,5,3,81,52,43,15,13,4,5,7,3,91,63,35,10,13,6,12
158937,0,139,27,3,104,67,57,23,16,5,5,6,1,113,76,55,22,16,4,6
158938,0,124,15,7,96,58,50,17,15,2,4,2,2,116,82,47,19,15,16,21
158939,0,200,32,5,161,82,69,46,25,8,10,24,11,186,124,87,26,25,17,24
158940,0,233,12,6,166,116,89,22,27,13,17,28,2,148,107,76,21,26,3,8
158941,0,121,5,5,75,44,35,17,14,1,4,2,7,99,54,25,20,14,9,17
158942,0,133,8,3,97,60,45,23,16,2,4,6,3,108,75,49,17,16,8,12
158943,0,153,12,8,124,71,55,31,20,5,7,12,6,131,72,47,27,18,11,17
158944,0,172,16,5,116,67,49,34,21,1,4,12,8,146,92,66,24,22,9,14
158945,0,135,13,6,92,59,51,18,16,3,4,9,5,106,48,31,34,16,6,9
158946,0,237,7,8,180,89,65,41,25,8,15,15,7,147,73,50,32,24,2,12
158947,0,211,2,4,143,98,63,25,24,4,10,11,18,159,93,64,37,25,12,17
158948,0,107,11,0,76,58,45,9,13,1,2,6,3,99,61,32,18,14,5,11
158949,0,102,5,4,66,42,37,15,13,0,0,8,9,84,54,33,10,13,3,8
158950,0,142,7,6,94,48,36,26,16,4,7,14,2,92,52,40,19,16,2,5
158951,0,107,15,5,80,51,43,18,15,2,2,10,3,76,44,34,16,14,2,5
158952,0,171,11,2,122,70,49,28,19,9,13,9,10,125,64,46,26,20,10,17
158953,0,186,18,2,127,76,58,34,23,4,7,14,6,135,71,53,38,23,9,13
158954,0,205,15,5,159,107,76,25,22,8,11,11,1,141,112,72,19,21,8,11
158955,0,211,22,10,160,95,74,30,24,8,12,15,2,163,115,80,23,24,9,14
158956,0,182,0,3,118,81,56,18,19,5,10,3,1,137,77,44,25,20,8,17
158957,0,167,9,4,124,68,57,31,20,5,7,1,3,135,80,56,25,20,11,17
158958,0,169,14,3,128,77,59,31,20,8,11,9,3,125,86,64,19,20,1,5
158959,0,212,17,2,142,81,61,38,21,10,11,14,6,155,97,68,27,19,9,13
158960,0,140,9,5,100,57,40,22,16,1,5,7,1,105,79,47,11,16,4,10
158961,0,167,9,12,146,88,66,26,19,14,16,3,5,132,86,57,23,20,10,15
158962,0,97,19,4,71,51,45,11,14,2,3,7,4,76,35,23,21,13,4,9
158963,0,164,14,1,118,66,48,35,20,7,10,5,5,115,62,45,26,19,3,8
158964,0,107,12,2,67,44,36,17,13,0,0,3,7,85,44,28,17,13,1,6
158965,0,124,2,0,79,52,38,20,12,6,6,10,5,98,67,38,11,12,6,12
158966,0,107,3,1,76,41,29,21,12,3,4,1,5,73,47,23,7,13,4,12
158967,0,156,15,5,110,67,56,32,20,2,3,21,5,125,74,55,30,20,2,4
158968,0,90,4,1,78,65,46,7,13,5,7,14,3,83,48,30,10,12,13,20
158969,0,135,6,2,91,58,50,16,15,0,1,8,7,99,57,40,19,15,7,11
158970,0,105,7,5,87,63,54,11,14,3,3,6,4,93,49,32,21,14,6,10
158971,0,113,17,0,92,60,48,21,15,3,3,7,3,81,43,34,22,15,3,6
158972,0,101,6,1,73,45,39,16,13,5,5,3,5,91,63,38,10,12,9,14
158973,0,105,13,1,72,41,37,19,13,2,2,5,6,79,35,25,17,13,4,9
158974,0,234,27,6,151,101,77,26,26,4,7,8,4,175,129,93,21,26,9,12
158975,0,98,17,0,68,45,41,16,14,1,1,3,7,93,48,34,18,14,6,11
158976,0,132,2,1,87,63,44,17,14,2,3,9,8,111,64,44,17,14,6,11
158978,0,199,16,3,139,90,70,21,21,6,9,3,5,138,86,62,27,21,4,7
158979,0,115,9,3,91,54,40,27,16,3,4,10,1,103,65,43,19,16,6,10
158980,0,119,6,1,78,48,37,21,15,0,1,5,1,86,57,41,10,15,3,8
158981,0,197,12,1,124,88,67,14,18,6,10,3,1,115,76,51,16,18,3,8
158982,0,144,11,3,112,67,57,21,18,4,5,5,1,102,65,44,22,18,1,5
158983,0,162,7,3,126,77,58,26,18,5,6,3,8,114,59,40,21,17,7,14
158984,0,112,7,1,84,48,42,25,16,1,1,8,1,88,46,32,23,15,4,7
158985,0,118,7,3,71,37,33,21,13,0,0,17,1,87,62,39,10,12,12,17
158986,0,175,3,1,118,76,56,23,19,8,11,4,3,153,94,52,27,20,10,19
158987,0,143,14,3,107,62,54,24,17,3,4,1,0,107,76,53,14,16,3,5
158988,0,93,8,2,60,43,38,12,12,0,0,3,7,91,54,32,13,11,16,22
158989,0,217,3,7,124,91,66,22,20,3,6,18,5,155,90,64,32,21,7,11
158990,0,200,10,0,122,78,60,29,21,1,2,9,1,146,89,60,28,19,13,17
158991,0,184,10,4,129,67,52,27,18,9,12,2,1,118,72,46,23,17,8,13
158992,0,240,17,5,170,98,71,36,25,3,7,7,1,144,105,75,23,26,5,10
158993,0,144,3,1,86,56,41,22,15,1,2,8,1,105,69,45,18,15,10,14
158994,0,211,18,4,145,88,72,32,23,1,1,21,7,140,87,71,30,22,3,4
158995,0,141,19,2,96,53,46,22,18,4,6,1,3,108,84,50,10,17,10,15
161770,0,109,8,3,79,52,44,17,14,3,3,12,3,89,53,35,17,13,4,8
161771,0,152,8,3,128,80,59,28,19,6,8,1,2,107,78,55,13,18,3,7
161772,0,207,5,4,142,79,53,33,22,9,14,5,6,155,87,61,30,23,6,12
161773,0,162,13,6,123,82,63,15,17,6,9,6,4,121,75,49,18,18,8,14
161774,0,127,30,3,87,59,53,18,16,1,1,5,2,110,67,46,28,16,5,7
161775,0,161,7,7,120,61,48,33,20,5,8,7,4,137,95,63,18,21,6,12
161776,0,143,29,3,113,70,62,21,17,9,9,7,1,121,85,63,18,17,7,8
161777,0,179,9,6,164,121,80,23,20,20,22,13,6,135,66,50,30,19,5,9
161778,0,194,26,6,150,86,69,33,26,4,8,12,8,180,110,71,38,27,15,22
161779,0,138,6,5,103,58,49,21,15,8,9,6,5,109,79,49,13,14,8,12
161780,0,176,25,13,134,84,59,22,21,5,11,3,6,142,82,51,28,20,9,15
161781,0,168,22,7,149,100,80,24,24,9,11,6,6,144,82,58,35,24,7,12
161782,0,164,17,2,119,70,53,33,21,3,5,14,1,117,74,54,24,21,3,8
161783,0,140,8,4,90,57,40,19,16,4,8,8,5,119,76,48,14,16,12,19
161784,0,133,7,5,101,60,48,25,19,4,6,12,8,121,71,54,19,18,9,14
161785,0,126,28,3,92,69,63,14,17,1,1,5,7,96,51,42,25,16,1,2
161786,0,89,9,3,78,44,36,20,13,2,2,3,6,87,52,31,15,12,5,10
161787,0,124,18,4,112,57,40,28,14,7,9,2,3,86,55,33,11,14,5,12
161788,0,113,4,2,97,63,45,20,14,3,5,5,5,93,61,38,11,13,5,11
161789,0,100,8,3,91,58,44,19,14,2,3,8,5,100,63,41,13,14,5,10
161790,0,87,5,0,74,50,37,19,14,0,0,13,3,73,36,27,17,13,5,9
161791,0,183,20,5,157,91,64,43,25,11,14,25,7,136,82,64,27,24,4,8
161792,0,143,6,5,108,63,49,21,17,4,6,11,5,109,56,41,26,18,6,11
161793,0,145,2,3,116,60,46,33,19,7,9,3,10,112,67,49,19,18,6,11
161794,0,145,5,5,97,61,49,22,17,3,4,4,4,117,62,34,29,18,2,10
161795,0,211,14,6,178,103,79,36,25,13,16,4,0,171,107,72,34,26,9,15
161796,0,124,10,3,92,55,41,18,15,9,11,7,6,92,47,30,23,14,8,13
161797,0,83,5,2,64,35,30,20,13,2,3,10,3,76,45,31,8,13,2,8
161798,0,87,5,2,72,53,43,11,13,2,3,4,1,69,44,23,10,12,6,12
161799,0,110,17,4,92,58,45,20,14,1,1,5,4,105,58,35,27,15,6,10
161800,0,172,10,7,111,73,52,17,16,9,12,7,5,123,72,46,22,16,5,11
161801,0,127,11,1,94,58,43,19,15,7,10,15,6,118,72,46,18,15,11,17
161802,0,114,8,4,102,63,50,18,16,6,9,7,3,80,45,27,19,14,3,8
161803,0,87,10,9,80,47,38,17,13,4,5,1,1,73,44,24,12,12,3,9
161804,0,126,14,2,105,58,41,34,18,3,4,6,5,108,67,47,19,17,2,6
161805,0,101,10,4,73,49,43,10,13,0,1,0,6,74,43,25,12,13,3,9
161806,0,85,18,2,56,36,31,13,11,0,0,8,6,80,49,26,13,12,5,12
161807,0,169,24,1,137,94,70,21,21,7,9,3,2,119,67,47,25,20,4,10
161808,0,111,24,4,96,68,57,15,16,1,1,5,0,94,60,39,22,15,7,9
161809,0,247,16,11,177,100,70,32,26,14,21,29,18,159,82,66,31,25,6,13
161810,0,215,32,9,165,112,86,21,23,10,14,8,2,170,89,61,45,23,13,18
161811,0,198,7,4,173,108,81,33,26,9,14,14,6,176,106,76,39,26,9,14
161812,0,225,13,8,171,98,74,33,24,11,15,7,8,154,113,70,24,25,1,7
161813,0,113,5,2,71,46,37,15,12,1,1,3,3,86,47,26,15,11,5,11
161814,0,197,14,6,171,100,75,38,25,11,13,11,6,161,111,79,22,24,17,22
161815,0,208,3,6,172,102,64,34,25,11,18,11,6,161,83,60,32,25,9,17
161816,0,139,6,3,97,61,44,23,17,4,7,5,4,119,74,46,23,17,8,13
161817,0,110,4,3,57,35,31,18,12,1,1,5,5,85,47,28,15,13,5,11
161818,0,133,13,0,92,59,42,26,16,3,5,5,3,114,76,46,18,15,2,6
161819,0,208,10,7,167,106,72,37,27,4,8,11,7,178,88,60,49,26,16,22
161820,0,148,4,1,111,76,54,18,16,6,8,4,10,130,72,46,29,16,13,17
161821,0,129,5,1,93,60,45,19,15,5,7,3,6,108,58,40,21,15,5,10
161822,0,172,11,9,122,59,40,33,18,13,17,4,7,153,96,52,24,18,14,23
161823,0,217,29,5,156,95,73,29,25,4,9,7,4,181,105,64,41,24,16,23
161824,0,206,18,0,132,85,70,22,24,1,5,8,4,183,114,71,35,25,11,20
161825,0,69,11,1,61,41,36,16,13,0,0,2,7,70,47,30,7,12,6,11
161826,0,20,0,0,15,10,8,2,3,0,1,1,0,17,11,8,3,2,1,1
161827,0,184,3,7,135,74,52,33,19,14,17,5,3,127,79,50,26,18,9,13
161828,0,188,21,5,160,104,82,33,26,7,9,14,5,165,110,82,28,25,11,14
161829,0,93,19,3,69,50,46,11,14,2,2,7,6,85,51,34,18,14,7,11
161830,0,164,15,2,125,82,64,22,21,4,6,9,1,111,70,49,25,20,3,6
161831,0,171,12,3,148,91,71,25,23,8,11,17,1,144,86,65,25,23,13,18
161832,0,144,4,2,90,54,41,21,17,4,8,7,2,125,80,45,21,17,12,20
161833,0,113,9,3,83,56,48,17,15,4,4,1,2,97,57,35,22,15,10,14
161834,0,84,7,2,57,35,30,15,12,0,1,2,3,80,39,24,12,11,6,13
161835,0,116,15,4,95,62,49,19,15,5,6,3,0,92,56,39,16,14,5,9
161836,0,142,27,3,100,69,63,23,21,1,2,21,8,128,83,62,27,21,3,5
161837,0,153,27,6,121,77,63,21,19,6,8,15,3,107,69,56,23,19,3,6
161838,0,158,21,5,107,56,32,25,18,10,19,5,10,107,68,45,11,18,10,19
161839,0,187,14,9,143,99,72,18,23,7,11,20,4,154,103,79,19,24,11,17
161840,0,182,16,2,122,77,55,21,21,5,10,14,4,125,66,44,34,21,6,11
161841,0,102,17,2,82,56,50,20,16,0,0,4,4,91,64,51,12,15,2,4
161842,0,136,3,3,112,83,61,17,17,5,6,16,3,100,56,41,29,16,5,7
161843,0,140,5,1,120,89,63,16,18,10,13,12,7,120,75,54,18,18,11,16
161844,0,215,22,7,160,84,65,41,22,4,6,11,4,135,73,57,32,21,6,10
161845,0,113,7,5,83,44,33,23,13,3,4,5,4,76,43,26,9,12,4,10
161846,0,135,2,4,104,74,56,20,20,3,5,13,5,117,77,50,21,19,8,13
161847,0,136,5,2,87,59,49,13,15,0,2,6,2,95,54,36,22,15,5,10
161848,0,118,17,2,109,54,45,24,14,8,9,3,3,90,59,37,12,13,6,11
161849,0,167,7,3,122,79,60,24,21,2,5,15,2,116,73,57,14,21,2,7
161850,0,123,9,2,84,46,38,18,14,3,5,5,4,96,59,34,16,14,4,10
161851,0,148,11,1,112,77,63,12,18,6,8,6,3,111,68,40,26,18,8,14
161852,0,185,24,2,165,127,99,18,23,5,6,19,3,150,104,79,30,23,6,8
161853,0,173,26,3,127,85,66,26,23,2,4,14,4,124,78,63,20,23,4,8
161854,0,107,14,1,75,51,42,19,14,0,0,4,6,95,47,31,22,14,3,7
161855,0,116,23,1,87,58,47,18,15,3,3,14,5,106,70,47,16,14,12,16
161856,0,178,12,4,143,87,61,33,22,9,12,17,5,137,74,57,29,23,10,15
161857,0,252,3,7,154,98,68,29,26,2,7,15,1,156,102,66,29,24,9,16
161858,0,102,5,2,63,39,33,14,12,1,2,3,6,83,43,26,14,12,7,14
161859,0,151,8,1,98,68,49,16,16,7,10,11,9,128,71,49,28,17,13,17
161860,0,152,16,4,130,75,54,24,17,5,9,5,10,99,47,27,16,16,7,16
161861,0,169,14,4,118,66,57,28,20,4,7,8,2,148,92,55,28,19,13,20
161862,0,176,10,3,141,71,51,35,21,12,17,17,5,119,85,65,16,21,6,10
161863,0,140,24,4,119,77,60,31,22,1,2,39,6,110,74,65,23,22,4,6
161864,0,152,8,1,116,75,57,22,18,4,6,17,10,129,76,56,16,18,9,15
161865,0,129,16,0,92,64,50,20,17,0,1,8,3,109,57,36,28,17,6,11
161866,0,141,11,0,91,66,54,17,16,3,3,16,5,123,76,58,17,15,12,14
161867,0,133,23,3,97,59,53,28,17,1,1,30,2,113,87,69,13,17,5,6
161868,0,153,19,4,123,64,51,35,17,10,11,11,5,115,73,54,20,17,6,8
161869,0,101,22,5,73,52,43,11,14,2,3,7,2,92,65,40,13,14,9,14
161870,0,109,9,2,78,42,38,17,14,1,3,4,5,103,69,38,16,14,10,16
161871,0,120,3,4,92,38,27,35,14,5,6,7,3,75,47,32,11,14,3,8
161872,0,217,4,5,138,88,55,24,22,5,12,3,4,147,86,50,28,22,7,16
161873,0,149,15,5,120,78,58,25,18,6,7,8,8,122,73,51,17,18,3,10
161874,0,111,20,0,77,44,39,22,15,0,0,11,5,100,72,50,8,14,9,12
161875,0,103,9,2,91,68,56,14,16,0,0,16,6,92,60,49,13,15,2,4
161876,0,144,18,3,106,73,61,18,17,5,6,5,4,104,59,47,24,17,0,2
161877,0,124,4,0,75,51,39,15,12,7,7,2,1,86,51,30,13,13,11,18
161878,0,126,9,3,74,42,34,20,13,1,2,0,3,96,55,30,19,13,7,14
161879,0,208,6,9,155,98,73,29,23,8,10,16,10,154,92,60,36,23,14,18
161880,0,118,27,2,101,72,58,14,15,3,3,6,2,90,47,34,21,13,5,8
161881,0,177,4,4,151,86,67,32,22,7,10,15,9,138,82,66,27,22,2,5
161882,0,128,13,4,92,65,53,18,17,4,4,8,0,105,65,47,21,17,8,11
161883,0,185,30,3,144,107,85,22,26,2,3,21,5,169,107,78,32,24,10,13
161884,0,182,16,3,134,86,66,24,22,5,9,5,4,142,86,60,29,22,9,13
161885,0,127,7,3,96,54,38,25,13,5,6,2,5,108,70,39,16,14,11,17
161886,0,121,17,4,88,46,39,25,14,1,1,6,2,105,69,50,12,14,9,13
161887,0,126,3,3,88,59,46,19,15,6,6,8,3,73,53,36,13,14,2,6
161888,0,212,12,4,136,91,70,18,22,4,8,4,3,153,108,73,14,21,12,19
161889,0,214,25,7,187,116,87,37,29,9,12,23,4,178,115,85,33,28,6,9
161890,0,120,8,2,78,54,48,18,15,0,0,17,2,99,67,48,17,15,8,11
161891,0,124,21,4,91,56,48,19,16,3,4,6,2,94,58,43,18,15,8,11
161892,0,133,11,0,87,58,48,13,13,4,4,3,6,82,61,39,6,13,5,10
161893,0,125,12,1,87,60,48,18,16,1,2,9,3,110,69,45,21,14,6,9
161894,0,210,5,3,135,88,61,28,23,3,8,10,4,158,94,60,33,24,10,17
161895,0,206,16,2,130,85,64,24,20,2,3,6,6,127,75,50,26,19,4,10
161896,0,219,9,1,136,81,48,34,20,7,12,10,3,118,77,50,14,19,7,16
164713,0,115,10,3,68,45,40,13,14,0,1,5,2,90,56,33,16,13,2,7
164714,0,201,13,10,150,89,63,30,23,8,12,10,9,152,91,67,23,22,10,17
164715,0,54,10,1,45,29,23,11,8,1,1,6,9,50,31,16,7,7,7,11
164716,0,220,12,5,152,76,57,42,23,3,6,17,8,148,83,69,30,22,8,10
164717,0,103,10,5,76,43,40,20,13,3,3,21,6,77,48,38,15,13,4,5
164718,0,207,13,8,160,110,75,21,24,8,14,11,6,137,92,70,24,24,3,6
164719,0,144,13,4,116,72,56,25,18,11,12,19,8,129,61,48,29,18,9,13
164720,0,167,2,4,116,79,65,22,20,1,1,19,6,130,81,58,21,20,8,12
164721,0,146,13,3,110,72,55,22,19,1,2,5,3,104,55,42,29,19,5,9
164722,0,154,5,3,115,78,53,19,18,5,8,13,7,106,64,40,20,17,5,11
164723,0,189,17,10,153,81,62,34,22,6,9,4,5,151,98,74,23,21,9,14
164724,0,151,5,3,131,82,56,32,20,10,13,18,7,129,71,57,28,19,8,11
164725,0,129,10,5,94,49,40,25,15,3,4,11,8,102,48,35,25,15,7,11
164726,0,144,17,3,107,72,57,23,20,1,4,6,2,126,79,56,18,20,10,15
164727,0,91,13,4,70,43,36,15,13,2,3,1,1,84,61,35,11,13,4,10
164728,0,115,5,3,77,46,38,20,14,0,0,8,4,96,65,44,11,14,4,8
164729,0,72,6,3,56,36,33,9,12,0,1,2,5,68,44,23,7,11,6,14
164730,0,128,10,8,110,60,49,22,17,6,9,5,2,118,69,37,26,17,10,17
164731,0,139,4,1,100,65,50,19,18,2,4,4,5,112,67,42,22,17,4,8
164732,0,145,12,1,109,73,56,17,16,3,5,7,2,95,56,45,14,15,5,9
164733,0,186,7,4,119,88,69,18,22,3,6,8,5,139,91,61,24,22,5,9
164734,0,173,38,5,134,73,64,37,22,4,4,15,5,152,97,66,30,22,9,11
164735,0,192,13,10,170,124,81,24,23,8,14,14,4,146,68,51,36,23,13,19
164736,0,156,3,5,115,74,54,18,19,5,10,10,6,123,69,46,24,19,8,15
164737,0,173,19,1,117,58,49,39,22,4,5,12,4,136,79,58,27,21,6,11
164738,0,104,4,1,76,50,38,16,13,7,7,5,3,77,47,29,13,12,2,8
164739,0,136,17,6,118,73,58,26,21,3,5,17,6,127,72,53,32,20,7,11
164740,0,196,4,2,137,99,66,18,22,9,14,8,13,160,84,52,38,21,21,28
164741,0,91,16,0,70,50,37,17,14,0,1,3,2,94,60,28,20,14,6,12
164742,0,121,13,5,96,56,45,20,15,7,9,3,1,91,55,31,22,15,4,10
164743,0,131,8,2,124,76,48,33,17,11,12,17,4,96,55,40,23,16,3,6
164744,0,105,13,1,77,39,35,21,14,2,3,2,4,78,44,25,16,13,2,8
164745,0,281,20,10,192,118,85,33,27,10,16,7,6,170,108,75,31,26,10,15
164746,0,121,6,1,95,60,43,18,16,4,8,8,6,104,62,37,15,16,4,12
164747,0,117,4,3,88,48,38,24,16,5,7,10,5,106,47,34,29,16,12,17
164748,0,283,24,21,195,115,96,31,33,12,17,25,18,234,128,98,46,33,21,28
164749,0,83,12,3,60,42,35,13,12,0,0,4,3,85,53,27,16,12,10,16
164750,0,133,9,4,90,54,46,22,17,2,3,7,4,121,72,52,15,17,4,10
164751,0,100,8,3,79,41,36,20,12,5,5,5,3,105,63,32,20,12,8,14
164752,0,168,12,2,109,76,64,19,19,1,1,14,11,135,82,64,21,19,6,9
164753,0,86,12,2,69,44,39,17,14,0,0,8,4,70,34,24,18,13,2,6
164754,0,287,20,8,190,112,81,42,29,9,14,9,10,246,134,96,51,29,25,30
164755,0,114,8,2,92,57,45,25,17,4,5,4,3,89,60,41,14,16,3,8
164756,0,209,22,5,153,98,75,29,25,10,14,12,10,159,84,62,35,24,17,22
164757,0,147,16,9,122,66,49,29,22,5,9,19,3,119,72,55,29,22,6,9
164758,0,216,28,4,184,109,91,41,29,10,11,12,1,175,118,85,32,28,5,8
164759,0,196,14,7,149,88,68,28,20,12,15,10,3,121,80,52,17,20,3,10
164760,0,94,14,0,60,37,33,15,11,1,1,2,2,88,55,34,20,11,8,9
164761,0,96,7,3,75,49,40,16,14,3,4,5,2,80,43,30,15,14,3,8
164762,0,143,10,3,98,58,44,22,16,6,8,15,6,101,53,38,21,15,9,14
164763,0,90,3,2,65,38,33,20,13,0,0,2,6,73,39,27,13,12,4,9
164764,0,125,17,5,104,55,46,28,16,3,3,14,4,91,49,37,23,16,6,8
164765,0,88,13,1,69,38,35,14,12,0,0,5,6,73,43,24,13,11,7,13
164766,0,186,8,9,161,108,72,21,23,13,20,7,7,121,64,47,26,22,2,10
164767,0,143,5,1,89,54,39,23,18,7,11,7,5,115,64,34,24,17,10,19
164768,0,105,37,0,82,64,58,13,16,0,0,10,4,95,61,45,18,15,2,4
164769,0,179,16,0,138,95,75,20,22,13,14,23,1,122,80,59,21,21,6,10
164770,0,219,26,0,157,104,83,30,26,4,6,15,7,160,107,88,24,26,4,6
164771,0,165,7,1,119,79,48,20,20,6,11,10,3,118,60,41,31,19,5,9
164772,0,239,34,8,165,100,89,33,26,4,5,20,11,193,111,79,49,26,10,11
164773,0,127,13,1,87,57,42,16,14,2,4,5,3,120,64,41,23,14,16,22
164774,0,136,7,1,97,49,35,28,17,2,6,6,4,108,61,40,22,17,9,15
164775,0,158,27,5,121,80,60,18,21,2,6,8,4,116,67,45,25,20,2,7
164776,0,127,3,2,76,44,36,19,12,6,6,5,7,91,57,36,11,12,7,13
164777,0,100,9,0,72,44,38,20,14,0,1,9,6,92,60,42,8,14,6,11
164778,0,126,13,1,114,63,51,27,16,8,8,6,3,87,40,32,24,16,1,4
164779,0,253,13,13,162,76,57,44,28,9,15,8,13,195,121,84,31,27,16,24
164780,0,238,8,6,195,122,86,43,28,12,16,7,3,177,103,72,36,28,7,11
164781,0,103,14,6,84,56,46,14,15,4,5,1,1,83,61,38,10,14,7,12
164782,0,82,14,2,64,34,32,20,13,0,0,1,3,82,60,32,11,12,2,7
164783,0,149,5,4,121,75,57,28,20,1,2,17,4,111,78,57,14,19,3,6
164784,0,113,13,1,93,63,52,18,16,3,4,7,4,78,48,36,14,15,2,5
164785,0,93,25,2,72,49,43,13,14,0,0,3,7,97,55,35,18,14,8,13
164786,0,159,11,4,119,84,63,21,20,6,8,4,7,108,66,44,24,19,4,9
164787,0,101,5,1,68,41,33,16,13,0,0,13,4,100,56,33,19,12,11,17
164788,0,157,7,3,110,63,38,20,17,7,15,3,2,116,71,38,19,17,7,16
164789,0,139,17,0,89,55,46,21,16,0,1,7,5,100,54,39,25,16,3,6
164790,0,170,7,5,126,78,60,28,22,3,6,8,4,124,73,46,25,21,0,7
164791,0,118,19,1,96,62,49,22,18,5,7,15,2,93,61,49,13,17,2,6
164792,0,98,15,2,64,39,37,15,13,0,0,7,2,93,47,29,19,12,9,14
164793,0,169,5,2,129,70,41,37,21,6,12,9,7,118,83,48,18,20,7,15
164794,0,128,9,3,109,68,55,21,18,3,5,11,8,105,65,51,19,18,5,8
164795,0,100,18,3,81,57,51,12,15,1,1,2,3,76,55,38,8,14,1,5
164796,0,216,23,6,177,96,66,44,27,14,20,11,7,200,120,74,37,27,14,23
164797,0,175,24,6,121,70,58,32,19,4,4,0,3,146,101,68,27,19,11,12
164798,0,150,10,3,111,65,50,26,18,2,5,16,1,126,81,57,21,18,12,16
164799,0,136,20,5,130,76,61,30,18,10,10,21,6,101,61,51,22,17,1,2
164800,0,121,15,4,107,60,44,25,14,10,11,4,4,86,60,40,8,13,7,12
164801,0,152,4,1,102,71,48,18,14,9,10,2,5,103,52,35,20,14,10,15
164802,0,88,10,2,72,37,33,22,13,2,2,3,4,68,33,23,13,12,5,10
164803,0,271,42,14,216,117,89,50,31,7,11,13,4,191,137,94,33,31,6,11
164804,0,140,20,4,101,72,59,21,18,0,0,4,3,99,65,51,20,17,5,6
164805,0,181,24,4,123,82,68,21,22,0,1,8,4,147,108,70,20,21,4,9
164806,0,218,13,5,167,110,74,31,25,5,9,22,5,155,86,65,31,25,5,11
164807,0,156,8,1,100,64,52,19,19,0,2,11,0,129,68,45,30,18,13,18
164808,0,91,10,2,60,34,28,18,12,0,1,6,4,76,46,27,10,11,7,14
164809,0,141,9,2,103,74,56,18,16,3,3,5,0,96,55,44,16,16,3,6
164810,0,102,5,1,66,46,33,16,12,1,1,6,1,79,45,29,12,12,7,13
164811,0,132,23,3,106,62,55,24,18,4,6,11,5,104,64,50,20,18,1,4
164812,0,168,5,1,123,73,54,30,20,8,11,11,4,120,69,55,21,19,5,9
164813,0,160,13,5,112,69,52,24,18,5,6,8,3,126,76,48,27,18,11,15
164814,0,178,6,8,141,81,62,28,21,9,13,17,6,129,75,50,27,20,6,12
164815,0,155,9,3,114,72,56,23,18,3,4,15,5,115,67,52,21,17,8,11
164816,0,147,8,6,112,64,50,26,18,4,6,18,2,108,65,53,16,18,5,8
164817,0,155,10,6,129,78,61,24,21,4,7,7,5,131,81,56,22,20,9,14
164818,0,104,10,1,96,62,40,15,15,0,5,3,5,84,40,24,15,14,7,16
164819,0,106,14,2,71,49,41,13,14,1,2,5,5,81,54,34,9,13,7,12
164820,0,115,18,3,93,54,43,23,15,2,3,2,6,96,52,36,20,15,6,10
164821,0,105,3,2,72,49,38,19,14,0,0,5,4,85,53,27,21,13,5,9
164822,0,173,44,1,124,96,76,21,22,0,0,18,8,143,89,63,31,22,4,7
164823,0,128,20,3,94,61,48,16,16,3,5,8,1,101,67,46,12,15,7,12
164824,0,158,13,6,107,63,53,20,17,5,7,4,2,109,73,48,12,16,3,9
164825,0,272,9,1,177,110,77,37,26,14,18,2,4,192,126,87,24,25,19,25
164826,0,122,3,3,83,50,37,21,14,1,2,13,8,90,54,34,17,14,7,12
164827,0,88,7,1,67,42,36,16,13,0,1,5,2,83,55,36,8,12,7,13
164828,0,198,18,2,133,83,61,25,23,5,9,6,0,151,101,66,31,22,18,22
164829,0,157,14,4,112,69,56,27,22,0,2,0,6,133,78,58,26,21,4,7
164830,0,224,24,6,149,101,80,23,25,5,8,9,9,171,99,70,37,25,10,15
164831,0,124,1,2,87,45,37,31,16,3,3,18,4,95,71,51,9,16,3,6
164832,0,150,18,1,98,56,41,24,17,5,9,10,2,119,77,48,14,16,7,13
164833,0,127,6,2,89,51,33,25,14,6,8,9,4,84,49,29,14,13,5,11
164834,0,136,9,3,87,60,50,13,16,4,6,9,5,111,60,41,24,15,5,10
164835,0,137,10,4,101,62,52,24,19,1,2,14,6,107,65,51,21,18,5,8
164836,0,200,11,8,135,83,63,25,20,7,9,0,2,119,77,48,21,19,7,13
164837,0,139,10,1,97,65,50,21,17,3,4,5,1,100,57,35,21,16,4,9
164838,0,243,9,2,146,99,78,32,27,5,6,23,8,172,115,88,25,26,12,16
164839,0,173,7,3,111,73,54,20,16,4,6,12,5,111,71,48,14,16,7,12
167654,0,167,10,4,112,54,45,25,16,2,5,6,6,99,53,35,19,16,2,8
167655,0,170,19,6,142,76,59,33,20,19,22,16,7,117,65,47,25,20,3,7
167656,0,222,12,7,167,96,65,34,24,12,19,4,6,157,105,65,25,24,13,20
167657,0,165,31,10,133,81,72,23,22,3,6,24,9,151,89,66,33,21,11,16
167658,0,143,33,6,111,79,67,20,19,2,2,19,4,112,74,59,17,19,6,10
167659,0,132,8,2,100,69,50,14,16,5,8,3,4,99,53,35,21,15,5,11
167660,0,120,7,4,77,35,30,23,14,2,4,5,2,99,53,36,16,14,8,14
167661,0,103,16,9,95,50,43,19,17,3,6,6,7,95,55,40,14,17,4,11
167662,0,32,2,2,22,10,8,9,4,1,1,1,2,26,16,8,4,3,1,3
167663,0,122,8,3,77,49,38,14,14,4,6,1,5,95,56,33,16,13,8,14
167664,0,188,15,6,160,94,70,31,25,5,10,9,8,174,112,78,21,24,6,14
167665,0,125,19,1,103,66,51,20,19,1,4,4,1,111,83,47,15,18,2,9
167666,0,200,17,4,140,86,64,30,24,8,12,21,11,151,86,63,32,24,7,11
167667,0,154,1,3,113,84,54,13,18,4,8,4,2,112,69,38,16,17,8,18
167668,0,23,3,3,20,13,10,3,2,2,2,1,1,15,6,3,2,2,0,2
167669,0,214,11,0,158,98,67,34,25,7,12,5,4,142,78,52,27,24,3,12
167670,0,204,21,6,160,102,78,27,26,11,16,7,2,157,120,77,24,26,10,16
167671,0,120,17,1,79,43,40,23,15,2,2,2,5,85,49,37,15,14,3,6
167672,0,195,10,5,141,81,64,30,22,7,9,8,7,142,71,56,35,22,3,7
167673,0,166,14,2,123,79,57,25,23,5,11,1,8,143,80,57,31,22,10,15
167674,0,82,6,4,72,42,30,22,12,3,4,7,6,80,44,25,13,12,2,9
167675,0,130,3,0,91,58,48,18,17,1,2,19,8,115,63,44,24,17,5,10
167676,0,185,34,7,159,94,75,38,23,13,14,16,8,148,85,63,38,23,7,10
167677,0,84,8,3,64,37,30,21,12,0,0,4,3,67,34,20,13,11,5,11
167678,0,143,20,5,103,49,43,34,18,3,4,4,8,111,60,39,24,18,7,14
167679,0,119,4,4,96,57,42,17,14,7,9,3,5,100,54,29,23,13,7,13
167680,0,166,32,4,126,76,66,25,20,5,6,8,1,142,91,65,29,20,7,10
167681,0,132,10,6,105,69,56,15,16,5,6,14,4,104,68,49,16,15,9,12
167682,0,97,12,2,70,44,39,17,13,3,3,10,3,83,53,33,12,12,7,12
167683,0,189,4,6,143,99,63,20,20,9,15,10,8,135,73,51,31,19,5,10
167684,0,115,14,3,88,53,44,21,14,2,2,11,4,94,50,34,18,14,6,10
167685,0,184,26,8,123,71,60,30,23,2,4,18,7,145,99,63,26,22,6,12
167686,0,92,4,3,71,34,27,26,13,2,3,2,8,75,47,28,11,12,6,12
167687,0,177,14,9,132,75,58,29,20,6,9,13,7,134,80,56,26,20,7,11
167688,0,150,8,6,118,67,48,23,16,10,14,1,5,114,65,35,27,16,7,13
167689,0,151,12,4,114,66,51,28,21,4,7,3,2,137,95,64,21,20,3,7
167690,0,174,17,10,144,92,69,24,23,12,16,13,11,140,81,60,24,23,7,14
167691,0,157,13,4,114,63,51,28,18,4,5,9,3,111,65,44,22,18,8,14
167692,0,65,4,1,36,17,15,11,6,2,2,1,2,49,31,18,7,6,7,10
167693,0,124,6,0,76,53,41,19,15,0,0,7,1,102,66,41,22,14,9,12
167694,0,83,7,1,60,38,37,12,12,1,1,5,5,67,40,23,8,11,6,12
167695,0,150,1,4,115,67,46,26,18,4,7,19,5,118,72,50,20,17,5,10
167696,0,156,9,3,122,68,52,35,21,4,5,12,9,135,79,61,29,20,7,11
167697,0,85,4,2,67,44,38,11,12,1,1,1,5,68,41,25,9,11,6,12
167698,0,110,2,3,83,39,25,31,13,4,5,4,4,77,51,28,10,12,2,8
167699,0,185,13,3,130,77,54,26,21,7,12,9,5,132,78,52,29,21,8,13
167700,0,134,30,4,108,70,58,22,17,6,6,12,4,103,70,53,18,16,0,1
167701,0,92,18,5,79,50,41,18,14,3,3,3,7,93,55,34,20,13,6,10
167702,0,174,12,9,132,62,52,30,20,8,10,13,10,140,74,59,26,19,14,19
167703,0,201,23,1,146,97,71,26,23,8,11,4,5,132,73,49,31,23,5,13
167704,0,97,22,4,74,43,35,16,11,1,2,4,5,84,45,25,24,11,3,5
167705,0,123,5,3,81,43,38,23,17,0,2,13,8,133,71,48,24,16,22,28
167706,0,314,75,12,213,140,127,44,42,3,4,33,9,237,152,125,49,41,5,9
167707,0,145,12,10,112,65,49,26,19,5,7,13,3,107,66,47,16,18,3,9
167708,0,119,15,4,99,64,51,21,15,4,4,5,5,87,58,39,13,14,5,8
167709,0,176,13,7,148,79,61,42,24,6,8,21,7,144,85,64,28,24,2,6
167710,0,121,15,0,81,47,46,21,15,0,0,6,1,110,64,44,23,15,10,13
167711,0,105,4,1,69,39,27,21,13,1,2,6,7,80,38,24,16,12,9,16
167712,0,236,18,5,157,92,70,34,23,8,12,7,2,154,110,74,25,23,5,9
167713,0,113,2,1,82,53,38,20,14,0,1,7,3,78,49,31,15,14,3,8
167714,0,143,20,8,101,59,49,19,18,3,7,10,5,123,73,41,22,17,13,20
167715,0,110,12,2,78,43,39,20,15,0,1,6,4,85,48,32,17,14,5,10
167716,0,154,14,2,119,78,61,19,19,8,11,7,11,113,65,47,20,19,3,9
167717,0,140,2,2,94,58,44,18,14,3,5,5,5,106,55,33,20,13,10,16
167718,0,96,9,2,69,44,34,17,12,0,0,2,3,65,27,19,14,11,1,7
167719,0,108,9,9,89,46,43,21,13,3,3,1,4,100,68,44,8,12,8,13
167720,0,250,22,13,212,128,107,43,31,16,17,33,4,203,143,106,36,31,13,16
167721,0,97,8,4,82,48,34,20,15,7,10,15,4,92,50,30,14,14,4,12
167722,0,125,15,2,75,48,43,16,15,2,3,6,11,129,68,46,22,14,10,15
167723,0,123,17,2,112,67,55,25,17,5,6,2,3,102,57,36,28,16,5,8
167724,0,135,8,1,118,66,45,28,18,8,12,5,5,98,68,42,16,17,5,11
167725,0,126,2,0,88,61,41,15,14,6,9,5,5,94,54,32,16,14,11,18
167726,0,111,11,4,88,54,47,19,15,5,5,6,0,93,66,44,14,14,8,11
167727,0,227,21,6,154,84,65,34,23,12,16,8,8,160,98,68,32,23,8,11
167728,0,152,5,0,114,80,57,16,18,5,8,5,5,118,67,46,24,18,5,10
167729,0,188,16,4,149,85,65,41,28,7,10,28,8,171,118,88,27,27,7,12
167730,0,105,15,2,79,45,38,17,13,3,4,1,0,85,57,30,13,12,9,15
167731,0,134,7,5,107,63,51,20,15,8,9,10,6,111,58,41,22,14,11,15
167732,0,200,19,2,134,96,77,21,23,3,5,13,7,164,104,77,31,23,6,8
167733,0,177,5,7,143,84,58,30,20,16,19,14,4,110,63,44,24,19,8,14
167734,0,116,17,5,92,62,49,11,16,3,6,6,5,123,72,48,19,16,13,19
167735,0,111,3,3,77,43,33,23,14,4,5,5,2,93,62,30,15,13,5,12
167736,0,116,9,6,99,55,41,26,14,5,5,4,2,83,55,34,16,13,4,8
167737,0,132,5,0,80,64,46,10,13,4,5,7,4,98,53,33,16,12,10,16
167738,0,129,9,1,77,63,41,6,13,6,10,2,3,118,71,35,19,13,12,21
167739,0,166,6,7,141,84,58,30,18,11,13,7,3,121,68,48,27,18,10,14
167740,0,96,3,5,67,47,41,10,12,2,2,1,3,81,50,29,13,12,5,11
167741,0,119,21,3,95,61,51,20,16,4,4,7,1,93,65,44,18,15,5,7
167742,0,163,12,4,113,66,54,27,19,4,5,5,1,123,67,40,30,18,10,17
167743,0,208,21,10,176,96,70,36,25,10,16,2,6,160,92,56,41,24,8,14
167744,0,120,19,7,92,52,44,23,15,5,5,5,6,92,46,35,23,15,7,10
167745,0,104,7,4,80,44,32,23,13,4,5,3,9,79,46,27,12,12,6,13
167746,0,156,12,4,117,76,52,22,19,10,15,7,4,104,71,53,11,18,5,10
167747,0,105,2,5,71,39,29,21,11,2,2,2,1,72,38,20,11,10,6,13
167748,0,106,7,0,89,58,46,16,13,6,6,6,6,79,42,31,14,13,3,8
167749,0,288,17,3,194,134,94,27,27,9,15,14,9,185,107,77,43,27,10,14
167750,0,119,8,2,86,56,43,15,14,2,3,5,2,87,53,30,18,14,3,8
167751,0,141,7,3,88,52,37,20,16,1,4,4,6,123,69,42,19,16,12,21
167752,0,90,8,2,70,41,39,17,14,0,0,13,3,81,51,43,9,14,1,5
167753,0,131,5,3,76,46,38,20,15,1,2,12,1,106,60,46,15,15,5,9
167754,0,152,16,4,117,71,52,24,19,4,9,7,8,122,70,48,20,18,6,13
167755,0,187,11,5,131,72,60,31,22,3,7,8,4,131,74,55,28,22,2,6
167756,0,213,23,5,155,101,81,29,23,5,6,7,5,166,94,71,35,22,8,11
167757,0,168,9,2,134,75,55,33,18,7,10,20,1,114,82,60,13,18,2,6
167758,0,115,8,4,97,68,52,11,16,3,6,3,2,80,52,36,14,15,1,6
167759,0,245,11,4,150,113,82,23,24,5,7,19,11,172,108,77,27,24,11,16
167760,0,242,5,5,182,106,70,40,23,15,20,1,6,151,81,51,38,23,7,14
167761,0,154,21,3,112,74,53,23,19,3,6,0,3,109,83,58,10,19,2,7
167762,0,143,10,3,128,85,53,25,19,12,17,10,9,110,52,41,19,18,3,11
167763,0,87,3,3,66,39,37,19,14,0,0,25,3,78,58,42,7,13,3,7
167764,0,122,11,4,95,69,57,9,14,6,7,3,4,82,49,28,16,13,4,9
167765,0,207,16,2,141,93,70,27,24,9,12,5,5,151,86,59,34,24,2,7
167766,0,213,7,2,137,91,60,21,21,8,13,10,6,145,95,62,18,21,9,17
167767,0,203,24,6,148,100,80,23,24,7,10,5,5,164,107,73,24,24,11,18
167768,0,163,17,2,117,66,53,34,18,2,4,12,3,136,84,62,26,18,7,9
167769,0,173,17,2,122,81,66,25,20,4,4,8,11,143,100,73,16,20,10,14
167770,0,175,2,1,101,74,53,17,19,3,6,15,10,130,76,50,24,19,11,17
167771,0,171,33,9,113,73,59,19,19,7,10,9,4,127,88,56,21,19,11,16
167772,0,163,15,2,125,70,51,33,20,3,6,13,5,128,77,53,23,20,9,15
167773,0,144,7,1,98,72,58,16,18,5,7,14,1,104,73,48,14,17,3,7
167774,0,92,9,1,79,54,37,17,14,1,2,5,0,97,72,38,13,13,9,15
167775,0,134,4,2,107,58,41,32,16,5,6,7,3,86,46,34,17,15,0,3
167776,0,164,4,4,105,76,63,15,16,4,4,14,2,107,71,48,20,16,1,3
167777,0,132,8,4,96,61,46,15,14,8,10,6,3,94,44,30,19,13,9,15
167778,0,184,11,3,143,86,62,33,24,8,12,10,2,135,89,56,32,23,5,9
167779,0,296,8,3,184,135,93,27,28,12,16,20,5,181,124,87,28,27,8,13
167780,0,217,20,3,138,85,65,26,22,13,17,4,3,151,110,69,23,22,14,20
170540,0,94,2,1,66,48,37,12,11,5,6,1,1,61,40,19,5,10,4,12
170541,0,115,12,1,66,46,46,14,14,0,0,10,1,123,74,50,20,15,12,16
170542,0,139,10,2,108,69,51,17,15,5,7,2,4,79,48,27,14,14,2,8
170543,0,225,3,5,127,74,58,27,23,4,9,18,5,179,92,68,41,24,8,13
170544,0,239,14,7,189,109,68,40,30,14,25,6,8,183,126,78,24,29,13,24
170545,0,256,9,4,225,153,102,43,31,14,16,27,16,195,120,99,31,31,8,12
170546,0,124,11,4,88,46,36,19,15,4,8,11,7,112,63,40,17,16,9,16
170547,0,124,13,4,97,68,57,18,18,2,3,24,2,105,68,48,20,19,0,4
170548,0,211,10,4,122,81,58,17,20,4,9,6,11,153,91,59,22,21,11,20
170549,0,121,2,6,106,72,51,17,16,3,5,12,2,84,49,33,18,15,5,10
170550,0,242,9,6,162,85,61,37,26,9,17,9,6,176,96,63,33,25,14,24
170551,0,149,15,2,88,59,46,20,16,3,3,4,3,111,74,49,17,15,8,11
170552,0,143,12,2,108,68,47,27,17,1,4,9,1,103,63,39,21,16,3,8
170553,0,219,15,6,160,99,68,27,25,6,13,5,4,150,95,57,26,25,10,19
170554,0,171,7,2,117,79,66,27,23,4,6,10,11,183,123,79,25,25,9,16
170555,0,197,20,3,118,71,55,26,19,3,5,12,6,153,80,59,30,19,13,18
170556,0,98,7,5,69,38,33,18,12,2,2,3,2,83,49,26,13,12,8,14
170557,0,155,3,7,115,73,56,20,18,5,7,2,4,124,64,42,26,18,7,13
170558,0,129,12,1,86,51,36,20,15,3,6,0,1,104,75,41,16,16,3,9
170559,0,230,13,15,179,96,68,34,26,9,17,3,10,165,102,56,28,26,8,21
170560,0,87,16,1,79,58,44,13,13,2,2,3,3,70,49,30,8,12,2,7
170561,0,169,22,5,151,107,81,20,25,7,10,12,5,141,83,61,28,24,6,12
170562,0,116,9,6,81,46,38,24,14,1,2,6,6,91,46,30,23,14,3,8
170563,0,121,5,4,86,51,41,18,13,5,5,6,6,107,71,45,13,14,10,15
170564,0,239,11,5,170,108,84,31,25,9,11,35,2,139,93,77,22,24,7,11
170565,0,178,7,2,127,86,60,26,20,2,4,10,7,130,78,54,23,19,7,12
170566,0,139,4,2,102,61,46,21,18,5,9,11,3,119,67,42,24,18,10,16
170567,0,191,11,2,166,108,73,38,22,12,14,14,6,137,85,61,29,22,4,8
170568,0,159,3,2,116,79,50,17,19,11,17,8,4,122,68,42,22,19,11,19
170569,0,153,2,2,121,68,48,24,18,6,11,5,5,101,62,35,17,17,7,15
170570,0,141,21,9,118,74,64,21,17,7,8,9,1,107,73,54,19,16,7,9
170571,0,153,14,4,121,71,53,30,21,7,12,6,7,112,69,47,17,19,2,9
170572,0,136,15,5,111,69,54,21,15,6,6,3,1,90,55,39,20,15,5,8
170573,0,169,9,5,130,74,55,36,21,2,4,13,9,137,65,46,37,20,6,11
170574,0,108,15,2,86,62,46,17,14,5,5,1,0,85,59,37,16,14,2,6
170575,0,107,1,2,78,47,40,21,15,1,1,12,2,79,48,37,17,15,1,4
170576,0,127,10,5,77,54,45,11,15,2,4,1,1,107,80,46,11,16,4,11
170577,0,97,8,0,66,36,28,20,12,1,2,1,7,89,61,34,9,13,11,18
170578,0,105,12,1,89,69,56,11,15,2,2,6,4,86,54,42,13,15,2,5
170579,0,167,15,5,134,67,48,36,20,5,9,11,1,116,72,50,27,19,8,12
170580,0,111,4,1,66,38,30,20,13,1,2,2,2,103,59,28,24,12,19,25
170581,0,121,13,13,94,50,38,21,16,2,6,6,5,88,54,33,14,15,3,9
170582,0,177,16,5,143,85,62,34,20,10,12,17,11,151,79,57,31,19,8,14
170583,0,111,3,2,84,46,36,22,14,5,6,9,3,67,31,25,15,13,2,7
170584,0,48,3,2,35,21,17,9,6,3,3,1,3,45,33,15,6,7,2,6
170585,0,209,11,7,142,98,78,22,21,8,9,6,9,142,85,59,31,21,3,7
170586,0,104,6,2,91,61,44,15,13,7,8,1,2,86,55,31,10,12,6,12
170587,0,142,17,5,115,76,54,20,16,12,14,5,6,103,51,35,21,15,5,10
170588,0,153,13,7,121,75,55,26,20,4,7,6,4,111,66,47,19,19,5,12
170589,0,207,8,5,132,90,68,17,20,5,9,14,2,160,104,59,29,21,10,18
170590,0,116,10,2,87,63,45,13,15,4,6,7,4,116,63,42,24,15,14,19
170591,0,122,16,3,90,60,42,19,16,4,7,4,3,108,74,41,18,16,8,14
170592,0,125,5,4,87,56,47,14,16,1,3,4,4,102,75,43,9,15,8,15
170593,0,148,4,2,110,69,50,27,17,2,2,12,10,140,75,48,26,18,10,17
170594,0,147,21,2,112,75,58,21,17,9,11,8,3,116,68,47,23,17,4,7
170595,0,134,14,1,86,61,51,10,14,4,4,9,2,91,46,32,21,14,3,7
170596,0,91,28,4,78,46,39,21,14,0,0,13,2,89,65,40,12,13,9,13
170597,0,196,6,6,122,63,48,26,19,11,16,0,5,145,102,56,17,20,12,21
170598,0,222,6,4,158,104,65,31,22,14,19,12,5,147,91,57,25,22,11,19
170599,0,202,19,7,151,91,73,32,23,4,5,36,6,156,91,77,29,23,6,9
170600,0,125,10,1,85,55,40,17,15,2,5,0,4,90,41,25,22,14,5,12
170601,0,183,13,4,147,89,68,33,23,3,5,8,3,136,88,63,25,22,7,12
170602,0,77,19,3,70,39,34,18,13,2,3,9,8,71,29,17,20,12,2,8
170603,0,99,12,3,81,58,45,14,14,2,2,2,5,90,50,35,18,14,9,13
170604,0,158,4,1,94,69,55,15,16,4,5,15,6,109,71,49,17,15,9,12
170605,0,159,7,5,117,65,45,28,19,4,8,13,3,121,81,51,19,19,8,15
170606,0,118,6,4,80,38,34,20,13,1,2,9,2,96,60,36,15,14,5,11
170607,0,128,19,8,107,61,48,23,15,6,8,5,2,100,72,44,12,16,7,12
170608,0,44,5,0,33,20,15,9,5,4,4,2,2,35,20,12,2,6,2,6
170609,0,242,32,8,175,109,91,26,25,12,14,11,9,171,92,69,45,26,13,18
170610,0,116,14,3,93,58,51,18,16,0,0,7,7,102,56,43,22,16,3,5
170611,0,105,20,0,61,41,38,18,14,0,0,6,2,87,52,36,12,13,5,10
170612,0,205,8,9,147,101,78,13,24,6,11,4,6,151,85,63,31,24,7,12
170613,0,182,5,14,122,60,50,25,20,3,8,23,6,150,81,57,25,20,15,24
170614,0,132,17,3,97,69,58,14,17,1,2,16,6,115,75,55,16,17,8,11
170615,0,217,9,8,158,78,66,36,24,7,11,11,8,155,88,65,39,25,5,8
170616,0,89,9,1,64,43,40,13,13,0,0,4,0,79,45,30,15,13,4,9
170617,0,101,6,7,89,46,37,27,14,1,1,6,3,82,52,37,9,14,2,7
170618,0,111,9,3,91,48,40,22,13,5,5,1,3,80,51,30,14,13,3,8
170619,0,273,53,10,207,137,117,37,34,11,12,16,14,213,133,110,42,34,8,10
170620,0,228,21,8,149,86,72,24,23,4,8,12,9,181,102,64,36,24,10,18
170621,0,188,19,8,132,80,62,26,22,7,12,13,11,135,86,59,19,20,5,11
170622,0,207,16,2,160,108,79,27,25,6,8,15,8,149,105,82,22,25,4,6
170623,0,88,11,1,66,47,38,15,13,2,2,4,2,83,55,32,14,12,8,13
170624,0,165,5,11,117,77,56,18,18,5,8,5,15,114,60,38,22,17,8,15
170625,0,128,6,4,83,49,45,21,15,3,3,8,0,99,64,44,17,15,8,11
170626,0,116,3,4,77,46,39,20,13,2,3,12,2,97,63,38,13,13,6,12
170627,0,119,25,1,103,70,55,19,18,1,2,9,5,111,68,47,17,17,12,17
170628,0,174,13,14,143,86,60,18,20,9,16,20,4,131,72,47,28,18,10,16
170629,0,140,6,5,117,61,42,35,17,2,4,3,4,106,63,46,17,17,9,14
170630,0,151,12,2,109,64,51,20,17,6,9,8,5,109,58,39,25,17,7,13
170631,0,225,13,3,142,90,73,25,22,2,3,28,3,152,102,78,25,22,12,15
170632,0,163,14,7,130,73,60,30,20,10,12,19,5,144,84,63,29,20,12,16
170633,0,152,2,2,110,77,50,12,19,3,9,14,2,126,76,52,18,20,9,17
170634,0,113,7,4,69,48,42,10,12,1,1,9,3,109,65,39,18,13,10,16
170635,0,115,17,1,92,53,44,26,16,2,3,7,5,107,54,41,27,16,8,11
170636,0,110,4,0,79,51,34,19,12,1,2,5,6,75,40,22,11,11,9,16
170637,0,158,13,4,118,69,49,28,19,7,10,5,6,123,67,42,25,19,4,12
170638,0,198,14,4,142,105,81,21,23,3,4,40,5,138,88,74,22,23,2,4
170639,0,149,16,2,103,70,58,20,17,5,6,10,1,111,72,49,23,16,2,4
170640,0,184,13,15,142,89,68,20,20,11,15,4,13,136,84,56,23,19,13,19
170641,0,197,28,3,146,96,76,32,23,3,5,28,4,140,97,84,22,23,3,4
170642,0,214,20,2,133,82,58,32,24,2,7,12,17,203,122,79,33,25,20,27
170643,0,231,23,7,175,101,86,52,31,2,2,52,6,182,129,104,31,30,7,9
170644,0,128,9,2,87,52,37,21,15,1,3,3,3,92,56,30,17,15,6,12
170645,0,176,13,0,131,100,80,18,23,6,8,8,2,136,96,68,24,22,3,6
170646,0,141,2,3,87,55,44,16,13,6,6,3,3,96,57,34,20,13,7,12
170647,0,202,5,3,142,107,83,17,24,3,6,21,5,136,84,60,28,23,6,10
170648,0,180,3,6,142,92,65,24,21,11,14,10,6,126,83,53,20,22,5,12
170649,0,136,20,5,94,56,43,16,13,7,9,7,3,86,52,32,8,13,11,18
170650,0,116,12,0,73,50,39,13,13,0,1,4,3,87,52,31,13,13,3,9
170651,0,119,12,1,94,61,49,14,15,1,2,3,3,90,61,41,12,15,3,8
170652,0,231,7,4,146,100,63,28,20,15,18,12,3,147,79,53,30,19,11,18
170653,0,207,20,4,133,83,67,25,22,2,6,9,3,152,107,67,25,23,8,14
170654,0,206,16,7,158,111,90,19,23,2,5,36,7,155,101,80,27,23,7,9
170655,0,177,25,3,128,80,64,28,21,5,6,12,2,126,80,56,24,20,10,15
170656,0,234,20,4,186,138,101,26,26,10,12,20,4,161,104,79,30,25,4,8
170657,0,201,1,2,136,91,59,21,18,14,19,2,9,130,81,53,19,18,4,10
170658,0,128,10,1,89,42,32,27,14,7,9,3,4,83,47,23,20,13,5,11
170659,0,121,6,2,81,48,40,25,15,0,0,5,6,108,57,38,27,15,7,10
170660,0,227,20,8,138,93,72,17,20,8,10,3,2,164,123,83,13,20,14,19
170661,0,169,13,4,124,80,60,19,19,6,9,7,7,116,73,50,23,19,10,15
170662,0,148,7,3,107,81,57,16,16,6,8,12,5,104,57,41,21,15,9,13
170663,0,134,15,5,96,60,50,19,16,3,5,4,1,94,53,37,21,15,4,8
170664,0,138,11,1,89,50,45,22,14,2,2,7,3,101,68,44,16,14,4,8
170665,0,62,9,1,37,16,15,15,7,1,1,1,3,53,30,17,9,7,7,11
170666,0,183,24,4,139,84,67,32,23,7,9,16,5,141,88,61,27,22,7,13
173460,0,123,6,2,65,48,41,10,13,1,2,2,2,117,81,46,13,12,14,20
173529,0,146,23,4,89,53,50,20,16,0,0,8,5,113,75,56,18,16,11,13
173473,0,92,3,2,61,38,28,10,9,5,7,0,1,67,53,34,7,9,8,10
173519,0,115,15,3,89,58,49,17,15,2,3,1,7,88,55,40,12,14,4,8
173513,0,88,9,3,62,39,30,13,11,1,2,3,3,83,51,26,12,11,10,18
173531,0,105,11,3,88,53,47,15,15,4,5,10,3,76,45,34,13,14,0,4
173532,0,99,20,0,66,42,40,16,14,0,0,10,6,86,51,33,16,13,6,11
173464,0,107,7,4,72,43,34,18,11,4,4,6,4,74,46,27,7,11,10,17
173502,0,144,12,3,102,68,51,18,14,8,10,7,0,97,65,43,16,14,2,5
173533,0,192,19,5,127,80,68,31,22,1,2,21,6,139,83,65,32,21,5,6
173534,0,195,8,12,119,70,51,23,17,10,13,2,5,133,67,42,27,16,15,22
173468,0,227,20,3,156,108,83,25,26,2,4,25,7,175,102,79,34,25,10,13
173480,0,120,10,1,90,45,36,28,13,10,10,2,1,73,54,33,9,13,1,6
173535,0,241,19,1,177,119,84,33,26,9,13,18,5,170,113,78,33,26,10,14
173536,0,186,39,5,158,111,95,26,24,3,4,14,4,145,110,90,24,24,2,3
173462,0,168,6,3,109,73,53,20,19,6,8,11,9,123,65,42,22,19,6,14
173489,0,115,11,6,77,46,38,14,14,1,3,7,2,84,51,34,8,13,2,8
173537,0,244,29,8,187,126,98,30,28,3,6,20,7,187,117,94,36,27,9,12
173481,0,133,22,3,102,63,52,23,18,2,4,13,5,111,75,46,17,17,7,13
173471,0,127,10,3,93,54,46,21,15,3,4,4,5,93,50,34,22,15,8,12
173518,0,217,10,2,145,101,81,29,26,1,2,22,4,164,105,75,35,25,8,14
173538,0,158,21,3,116,73,56,28,20,5,7,23,8,138,84,64,20,20,10,15
173539,0,60,3,1,43,21,15,11,7,2,4,4,4,42,26,21,5,6,0,1
173506,0,116,30,1,80,58,52,17,16,0,0,15,2,91,68,51,16,16,5,7
173499,0,121,16,3,79,50,42,16,14,3,3,11,1,84,59,37,10,13,5,9
173540,0,193,14,4,139,85,66,27,20,5,7,4,2,125,81,53,26,20,11,16
173541,0,177,13,3,141,81,63,34,21,8,10,15,2,130,79,56,26,20,0,5
173444,0,164,20,3,130,77,63,21,23,1,7,10,3,136,90,60,28,22,7,13
173523,0,105,20,1,89,58,46,15,15,3,5,4,2,86,50,30,15,14,5,11
173474,0,99,13,1,77,58,40,13,13,1,2,3,1,69,41,25,11,12,2,8
173530,0,119,16,4,97,66,57,23,17,1,1,10,1,121,79,55,25,17,10,12
173494,0,222,9,13,179,104,69,37,24,9,14,21,5,153,78,59,34,23,11,16
173492,0,123,24,2,93,63,49,19,15,5,6,12,1,104,73,47,15,15,11,15
173542,0,150,8,4,114,63,45,29,19,7,11,6,9,128,66,46,32,19,8,13
173543,0,175,10,1,125,90,54,19,18,8,13,4,12,123,70,43,21,18,9,17
173469,0,131,21,6,87,58,46,17,15,1,2,2,2,111,69,40,24,15,12,16
173515,0,249,7,0,147,107,89,24,26,4,5,19,2,156,93,74,31,26,5,10
173544,0,157,11,3,115,80,65,15,19,8,11,6,2,119,72,46,26,19,4,9
173545,0,192,10,2,156,109,75,26,21,19,22,18,5,145,73,54,35,21,4,8
173497,0,151,15,4,99,59,50,17,19,1,3,6,5,129,63,43,33,18,10,15
173504,0,177,15,4,128,88,71,25,22,2,2,9,8,133,82,66,28,21,4,7
173526,0,154,12,0,127,78,55,24,20,2,6,7,3,103,74,53,13,19,1,6
173527,0,164,23,3,116,63,52,30,19,5,6,8,5,111,65,49,17,18,5,11
173466,0,162,11,9,145,90,65,27,21,10,15,21,9,127,74,57,20,20,5,11
173525,0,85,10,3,75,45,34,17,11,4,5,2,4,70,43,18,10,11,10,18
173546,0,124,15,1,102,66,50,23,15,5,6,8,1,109,70,49,16,14,8,12
173472,0,155,9,2,99,62,49,22,16,2,2,5,8,100,48,38,25,15,4,8
173487,0,117,14,2,82,46,38,24,15,0,0,4,1,99,69,45,16,14,6,9
173491,0,173,14,5,110,71,53,20,18,5,7,5,1,112,78,49,12,18,8,15
173475,0,112,7,3,90,59,45,19,15,4,6,7,4,90,59,38,17,15,3,8
173547,0,112,9,1,81,60,49,15,14,0,0,9,3,80,51,35,11,14,5,8
173458,0,141,12,5,108,62,50,28,20,5,6,11,3,105,52,42,30,19,1,5
173510,0,153,18,8,112,69,59,18,18,3,4,6,4,121,70,48,22,18,10,15
173548,0,121,5,0,80,46,32,22,15,3,5,5,4,103,69,46,8,14,8,15
173482,0,184,3,3,135,99,59,25,20,6,10,14,10,126,79,54,23,19,8,12
173436,0,178,40,6,151,87,74,42,24,1,2,47,2,138,107,93,19,24,2,3
173440,0,102,12,1,75,49,43,15,14,1,1,4,3,79,47,29,14,13,2,7
173549,0,135,9,3,109,59,47,26,17,4,5,5,5,101,64,46,19,17,6,10
173483,0,183,19,11,142,87,69,24,22,14,17,8,6,129,86,62,19,22,6,11
173465,0,107,9,2,85,55,45,19,16,2,3,9,5,92,59,33,14,16,2,9
173522,0,118,5,2,89,60,46,16,16,1,2,1,2,95,54,36,24,16,4,8
173528,0,163,20,2,136,95,68,22,21,5,9,9,6,134,80,54,30,20,8,13
173550,0,142,12,11,101,61,44,20,18,6,11,12,9,118,56,40,25,18,5,11
173477,0,135,6,2,81,54,40,16,16,1,3,12,11,111,62,40,20,15,6,12
173476,0,124,12,1,87,61,45,18,16,3,5,10,1,92,50,36,19,15,4,9
173520,0,128,16,4,99,67,56,17,15,7,7,6,5,78,49,41,11,15,0,2
173514,0,162,12,2,112,82,66,15,21,1,3,20,3,123,74,53,25,21,3,8
173505,0,91,10,1,65,40,35,18,14,0,0,4,4,77,41,28,14,13,2,7
173503,0,143,5,3,102,71,59,18,17,1,2,13,2,104,60,46,22,16,3,5
173517,0,136,5,3,82,47,39,18,15,3,5,11,10,106,56,41,20,14,9,15
173459,0,258,28,1,181,130,99,26,28,14,16,20,6,189,113,83,42,28,12,14
173495,0,228,9,2,158,121,96,26,29,3,5,59,3,170,128,100,26,28,5,6
173490,0,226,29,13,167,116,94,25,27,10,13,14,3,173,118,86,29,26,12,17
173456,0,244,11,3,152,85,58,38,25,6,12,14,9,195,124,86,31,25,13,18
173451,0,133,13,3,96,62,49,16,17,0,3,2,1,94,60,37,20,16,6,11
173507,0,241,39,6,154,104,87,28,24,1,3,28,2,170,102,84,38,24,5,7
173500,0,136,13,5,94,52,41,25,15,4,5,11,4,83,55,38,13,14,0,4
173551,0,172,15,2,122,78,54,26,17,7,10,11,3,146,93,61,23,17,7,11
173524,0,202,15,5,141,93,81,25,23,5,6,21,4,154,95,73,39,23,4,5
173434,0,104,13,3,87,53,40,22,12,5,5,1,2,82,63,41,8,12,7,10
173493,0,217,25,6,135,82,63,26,22,4,7,9,2,151,110,70,18,22,9,15
173521,0,148,4,3,101,62,47,21,14,7,9,2,1,83,51,29,17,14,5,10
173516,0,228,10,2,148,105,74,24,24,6,9,12,4,169,110,71,29,23,10,17
173498,0,122,16,4,100,64,41,18,14,5,7,4,2,93,66,33,12,13,8,15
173463,0,160,14,2,99,64,50,24,19,2,4,8,3,131,89,57,19,18,15,19
173467,0,174,9,12,137,85,61,22,23,4,10,13,7,131,75,49,28,23,6,13
173457,0,204,15,2,177,121,88,31,23,12,13,22,6,168,114,82,30,22,12,15
173461,0,155,11,1,99,62,52,24,17,2,3,4,0,115,70,51,21,16,3,5
173432,0,179,10,2,114,80,64,19,21,4,6,13,4,134,87,64,23,21,10,14
173552,0,114,14,3,77,53,40,13,15,1,3,11,3,100,67,44,10,14,7,13
173511,0,169,8,2,133,97,80,21,21,3,3,15,8,152,101,74,22,21,8,11
173553,0,212,2,4,166,133,106,16,26,4,5,67,8,168,108,92,26,25,2,5
173554,0,79,7,1,62,43,38,14,13,0,0,4,2,71,38,25,15,12,2,7
173509,0,230,11,5,176,119,82,24,27,7,14,17,6,177,108,73,29,26,10,19
173470,0,232,5,7,172,107,72,35,25,9,13,6,1,157,95,62,32,24,3,10
173484,0,116,6,4,81,53,43,16,13,4,4,7,3,75,50,33,8,12,4,9
173452,0,142,5,4,90,55,41,22,18,2,5,6,5,108,61,43,15,17,5,13
173448,0,121,7,2,85,56,48,10,15,1,4,4,2,92,56,32,15,14,5,11
173439,0,150,10,3,107,75,48,16,18,8,14,8,7,116,74,52,9,18,9,17
173496,0,126,3,3,80,52,40,20,14,1,2,9,1,88,49,36,15,13,2,7
173478,0,112,14,4,85,55,39,19,13,5,6,5,1,90,58,37,12,13,6,12
173508,0,121,23,2,86,60,51,16,16,0,1,8,2,93,73,51,11,16,1,4
173501,0,163,14,7,117,75,55,18,18,6,9,12,2,112,77,56,13,18,9,14
173479,0,223,16,8,171,103,77,45,26,5,7,16,9,179,111,84,35,26,10,13
173453,0,258,8,5,153,89,73,33,24,6,9,27,5,165,113,77,28,23,15,19
173437,0,128,5,2,86,56,46,15,16,0,2,8,5,100,52,34,22,16,9,14
173446,0,174,18,1,131,83,65,26,20,2,4,14,6,130,78,55,30,20,3,6
173488,0,88,10,3,70,43,40,17,14,0,0,8,0,78,45,28,20,14,4,9
173555,0,197,16,5,138,85,68,31,25,4,6,19,4,149,97,72,28,25,5,10
173512,0,127,13,3,84,53,45,19,16,2,4,4,2,98,58,38,23,16,1,5
173445,0,180,19,1,143,83,69,29,22,7,8,8,2,126,76,59,26,21,4,7
173454,0,142,6,6,87,65,53,8,13,4,4,3,2,94,54,34,16,12,8,13
173442,0,195,6,5,126,84,61,21,20,7,9,18,6,142,93,65,17,19,11,18
173450,0,305,15,2,207,127,93,34,28,8,14,5,2,219,153,95,34,28,15,21
173431,0,119,15,1,78,54,43,13,13,0,1,6,10,90,56,38,12,13,14,20
173438,0,195,19,2,135,88,73,26,23,4,6,24,5,155,120,90,12,23,8,12
173433,0,238,10,3,154,106,74,33,25,3,5,17,6,167,102,77,28,24,8,13
173430,0,225,20,1,188,112,87,49,24,12,12,12,0,156,105,83,31,24,2,3
173447,0,219,10,4,190,123,82,33,24,15,18,21,6,147,95,70,26,24,8,13
173485,0,125,5,1,81,56,45,16,13,2,2,5,3,78,37,26,18,12,8,13
173435,0,52,2,1,29,20,17,8,6,0,0,0,3,47,33,16,5,6,0,4
173443,0,182,14,4,122,80,67,24,22,0,1,25,6,149,87,62,35,21,11,14
173449,0,195,22,3,129,74,62,27,22,1,4,6,2,128,88,64,22,22,7,11
173486,0,107,11,0,77,57,48,12,14,2,2,13,0,72,54,38,6,13,4,8
173455,0,83,6,0,53,38,32,13,11,0,0,4,3,74,40,27,9,11,5,12
173441,0,106,5,0,61,40,34,15,12,1,1,5,2,65,45,29,6,12,5,11
173429,0,124,8,0,69,50,40,16,13,1,1,3,2,73,47,24,16,13,3,8
176238,0,122,5,5,71,44,31,16,12,3,5,0,2,89,64,32,8,11,10,18
176239,0,139,11,4,103,68,52,21,16,3,3,4,5,108,60,43,24,15,8,10
176240,0,125,12,1,118,74,55,28,19,3,4,22,4,116,80,54,15,18,8,12
176241,0,157,12,3,104,67,58,20,19,1,3,8,2,110,66,43,26,19,4,8
176242,0,133,14,1,87,65,59,12,16,0,0,12,3,99,66,50,17,16,4,6
176243,0,109,9,2,86,47,38,19,13,7,8,1,0,73,49,27,10,12,3,9
176244,0,119,4,4,93,70,54,10,13,6,6,6,2,76,51,30,9,12,4,9
176245,0,170,10,1,115,73,59,30,21,1,2,6,2,127,74,55,31,20,5,7
176246,0,104,6,4,84,56,44,15,13,7,7,3,3,72,41,26,12,12,3,8
176247,0,121,13,3,94,65,58,18,17,1,1,14,7,99,58,48,23,17,3,5
176248,0,236,28,4,157,92,80,40,26,6,6,21,15,191,101,80,41,26,5,9
176249,0,215,14,3,133,75,59,35,22,4,6,8,7,140,86,67,25,22,12,15
176250,0,86,17,0,69,45,44,13,14,2,2,4,3,89,58,40,12,13,4,8
176251,0,234,16,3,161,105,78,25,25,8,13,11,6,155,103,76,27,25,4,8
176252,0,204,11,3,133,80,57,30,24,4,9,9,4,165,111,76,25,24,6,13
176253,0,141,7,4,96,57,44,21,15,6,7,5,3,86,49,28,19,14,5,10
176254,0,156,13,12,120,63,45,26,19,6,11,3,2,115,75,45,17,18,5,14
176255,0,129,1,3,93,60,44,20,16,6,7,10,1,99,72,50,11,15,6,10
176256,0,209,2,2,148,95,62,25,20,12,17,5,1,149,96,60,16,19,19,28
176257,0,101,12,2,81,53,40,22,14,4,4,11,3,70,47,36,9,13,2,6
176258,0,207,46,4,159,121,99,23,24,3,3,18,4,155,120,102,18,24,2,2
176259,0,203,5,3,156,103,72,33,26,6,9,10,0,168,121,87,21,25,6,11
176260,0,121,10,1,91,55,43,22,16,0,1,7,1,109,65,43,22,16,5,8
176261,0,176,21,1,119,70,57,36,22,2,2,1,3,135,94,65,24,22,4,7
176262,0,108,8,2,78,47,39,15,13,2,3,2,5,79,44,28,13,13,3,9
176263,0,222,14,5,171,88,61,44,26,11,16,8,5,152,111,77,23,26,7,12
176264,0,75,7,0,64,40,34,16,12,1,1,6,1,56,33,13,14,11,1,7
176265,0,135,8,2,101,61,46,23,19,1,6,15,3,134,85,63,22,18,11,15
176266,0,235,22,4,193,109,80,37,26,11,16,14,4,173,116,75,28,26,11,18
176267,0,97,5,2,71,53,45,12,14,1,1,5,6,86,48,29,17,13,5,10
176268,0,214,21,3,159,112,80,26,25,4,8,13,5,168,121,86,27,25,10,13
176269,0,143,8,4,109,92,66,8,16,8,11,3,1,115,73,44,20,15,7,12
176270,0,114,11,5,78,39,33,22,13,2,2,4,4,83,59,39,7,12,4,9
176271,0,122,13,2,98,60,49,22,15,4,4,6,3,90,63,41,13,14,5,9
176272,0,118,4,2,81,44,33,21,13,3,5,2,2,78,43,27,11,13,4,11
176273,0,104,18,1,76,50,41,17,15,1,2,7,4,84,47,33,20,14,7,11
176274,0,126,6,1,84,60,45,18,16,2,3,8,1,99,71,46,13,15,6,10
176275,0,207,17,8,159,92,67,39,23,7,12,10,7,177,115,75,29,23,13,19
176276,0,138,5,1,110,69,45,23,14,11,12,7,12,86,46,32,14,13,10,16
176277,0,218,11,6,146,87,66,43,26,4,5,35,4,168,118,88,27,26,3,6
176278,0,193,3,5,126,80,65,25,20,6,7,7,8,142,86,65,22,20,5,11
176279,0,139,2,1,91,53,42,20,15,4,6,3,3,106,71,42,17,15,4,9
176280,0,159,5,1,100,67,47,25,20,3,7,6,5,124,75,52,22,20,5,11
176281,0,150,17,4,103,70,56,16,17,4,5,4,4,110,75,48,14,17,7,13
176282,0,185,16,9,155,101,77,21,23,5,8,13,6,139,94,69,19,23,2,7
176283,0,204,5,2,142,94,62,25,20,8,12,6,11,125,74,54,25,20,6,10
176284,0,234,6,1,186,128,89,30,28,8,14,32,15,183,118,94,24,27,8,13
176285,0,81,11,1,66,49,40,13,13,1,1,3,2,73,46,26,13,12,4,9
176286,0,103,8,2,61,36,33,15,12,0,0,2,1,76,48,27,9,11,7,13
176287,0,116,6,0,85,53,43,17,14,4,5,5,1,95,65,38,13,13,9,15
176288,0,131,4,1,93,65,47,19,15,6,7,5,5,86,49,33,17,14,5,9
176289,0,87,9,3,60,37,33,15,12,0,0,1,4,82,37,20,21,12,8,14
176290,0,199,13,12,165,85,61,43,23,18,21,7,9,153,93,62,30,23,9,16
176291,0,106,9,1,68,42,35,20,14,3,4,4,6,74,48,30,12,13,4,9
176292,0,119,8,0,91,72,46,11,14,2,5,2,4,81,46,25,16,13,6,13
176293,0,130,2,1,76,56,42,14,14,4,5,12,3,89,54,37,10,14,4,10
176294,0,105,4,2,76,46,33,20,13,2,3,8,2,79,49,31,12,13,6,12
176295,0,184,3,2,150,102,63,29,23,11,16,7,5,144,90,63,25,22,12,18
176296,0,257,22,2,171,121,83,21,26,5,11,7,4,175,110,67,33,25,7,15
176297,0,166,9,1,108,73,59,19,17,1,3,4,0,112,67,46,25,16,8,11
176298,0,201,2,3,128,68,44,37,22,6,11,6,6,157,109,61,21,21,7,16
176299,0,174,2,2,124,74,45,28,20,5,11,7,5,128,75,48,22,19,6,14
176300,0,121,6,4,98,74,52,13,15,2,3,13,0,97,65,44,12,15,7,11
176301,0,136,14,3,92,60,46,16,18,1,5,13,7,112,63,41,20,17,4,11
176302,0,150,8,1,89,61,52,17,14,0,0,2,8,110,69,45,18,14,17,20
176303,0,128,11,2,94,61,44,21,17,6,9,12,4,121,73,52,19,17,12,17
176304,0,169,28,4,110,76,59,19,20,1,3,8,3,116,76,55,18,20,6,11
176305,0,274,7,6,163,104,64,22,24,14,24,4,1,189,123,71,28,23,14,24
176306,0,152,5,7,127,92,79,15,22,1,2,17,8,138,85,71,25,22,4,6
176307,0,140,13,2,90,58,46,23,15,8,8,4,1,80,43,30,18,14,5,9
176308,0,201,20,5,136,85,68,36,25,1,3,21,6,163,109,83,21,25,9,14
176309,0,202,12,3,137,92,76,24,24,5,7,14,5,166,110,67,30,23,17,24
176310,0,129,19,2,84,48,39,23,14,3,4,4,1,93,63,38,10,14,6,12
176311,0,124,8,6,95,64,48,18,14,4,4,1,2,92,55,38,17,14,5,9
176312,0,84,32,2,73,58,50,8,14,0,0,7,5,83,55,38,14,14,3,7
176313,0,218,19,4,138,83,66,29,25,0,5,5,2,155,94,63,34,25,10,16
176314,0,186,3,12,132,82,52,21,22,8,16,9,6,145,81,44,32,21,9,18
176315,0,113,20,2,77,42,38,24,15,0,0,3,3,120,79,49,21,14,8,12
176316,0,169,13,3,128,88,68,22,21,8,11,4,8,139,86,64,25,21,7,11
176317,0,139,9,0,85,66,57,13,17,1,2,8,4,128,86,60,21,17,11,14
176318,0,203,22,2,146,105,84,23,26,8,11,16,3,154,100,82,31,26,3,5
176319,0,155,26,4,112,68,59,23,21,3,6,7,8,136,74,53,33,21,6,10
176320,0,131,6,5,107,77,54,18,18,7,9,3,3,96,60,40,15,17,6,11
176321,0,245,10,6,164,93,68,42,25,8,11,12,4,169,101,74,34,25,8,11
176322,0,136,6,3,88,55,38,16,15,1,4,0,4,101,55,36,17,14,5,12
176323,0,259,11,5,214,123,86,44,28,9,15,21,8,189,125,85,34,27,11,16
176324,0,148,5,5,117,65,42,23,16,5,10,9,8,81,45,29,11,15,2,10
176325,0,92,14,0,68,47,36,13,12,2,3,4,2,77,57,33,4,12,7,14
176327,0,97,19,6,74,39,36,22,14,3,3,2,3,70,54,35,7,13,0,4
176328,0,213,17,6,160,107,85,26,24,6,9,30,10,153,88,73,24,24,4,10
176329,0,164,3,1,100,72,57,16,19,1,2,14,6,134,100,65,11,18,11,17
176330,0,116,4,5,87,48,33,22,13,3,5,1,3,84,58,30,9,12,7,14
176331,0,112,12,0,88,66,46,14,14,5,5,2,1,86,62,34,14,13,4,9
176332,0,119,2,1,87,65,49,12,15,2,2,7,1,87,52,37,19,14,3,7
176333,0,95,16,5,64,46,43,10,13,0,0,9,1,77,50,33,9,12,4,9
176334,0,98,9,0,62,39,34,18,13,0,0,6,1,63,41,29,7,12,5,10
176335,0,266,33,4,186,125,102,32,28,3,4,21,5,190,129,104,29,28,3,6
176336,0,147,9,6,97,67,52,18,16,4,6,9,6,99,57,37,21,15,4,9
176337,0,170,12,5,134,90,69,24,20,6,7,20,4,122,85,60,17,20,4,9
176338,0,107,6,3,76,43,33,22,14,1,1,8,7,86,55,37,10,13,3,8
176339,0,65,8,0,46,21,18,16,8,3,3,7,1,49,36,23,5,7,5,8
176340,0,180,14,3,132,82,64,22,21,1,6,11,1,134,80,56,25,21,2,6
176341,0,116,15,3,82,61,47,8,13,4,5,3,2,84,49,27,16,13,4,10
176342,0,112,12,4,102,65,50,17,15,12,14,15,5,90,59,42,9,15,3,8
176343,0,129,11,5,95,61,47,19,15,6,8,7,1,87,60,37,13,14,1,6
176344,0,106,6,1,72,47,36,17,12,4,4,3,3,71,40,25,12,12,8,14
176345,0,243,16,6,170,111,85,30,27,4,8,11,4,189,118,80,43,27,7,10
176346,0,150,19,1,97,63,56,20,17,0,0,9,3,106,70,52,18,17,4,6
176347,0,250,24,2,149,97,75,28,25,8,10,9,2,168,116,76,27,24,12,19
176348,0,133,3,2,95,60,43,17,15,2,6,5,2,86,57,32,12,14,4,11
176349,0,85,17,2,62,46,43,11,13,1,1,1,4,74,43,29,12,12,1,6
176350,0,218,12,4,120,78,66,27,21,1,3,25,5,151,113,83,14,21,7,9
176351,0,110,2,1,70,46,39,18,14,0,0,9,0,104,79,48,12,14,10,14
176352,0,205,18,1,138,95,72,22,23,5,8,19,2,143,98,67,25,23,7,11
176353,0,97,11,3,72,54,49,11,15,0,0,5,5,81,53,41,14,15,4,7
176354,0,207,21,2,141,95,69,24,23,5,8,8,3,132,67,52,33,23,0,5
176355,0,131,5,0,103,63,48,21,17,7,9,1,1,89,42,24,25,16,5,12
176356,0,139,35,3,94,69,55,14,16,4,4,5,3,84,50,38,18,15,5,8
176357,0,126,8,1,86,55,41,21,15,2,3,1,4,89,50,31,19,14,4,8
176358,0,250,14,4,140,83,65,28,23,5,9,11,3,151,105,72,24,23,5,8
176359,0,139,13,1,93,74,56,8,17,3,6,4,5,105,59,41,24,17,8,13
176360,0,211,5,3,171,112,80,31,23,10,14,27,5,150,97,77,24,23,11,13
176361,0,169,4,1,101,70,60,15,16,2,2,18,6,128,81,58,20,15,14,16
176362,0,222,10,4,144,96,74,19,22,9,14,16,3,127,103,70,12,21,5,9
176363,0,138,11,1,102,74,54,15,16,5,7,15,3,104,68,45,15,15,7,11
176364,0,239,9,5,134,87,66,24,24,7,12,13,5,170,108,75,28,23,7,12
