match_id,set,w_games,l_games,w_tb_pt,l_tb_pt,w_tbs,l_tbs
152919,1,6,2,,,,
152919,2,6,0,,,,
152919,3,6,0,,,,
152920,1,6,4,,,,
152920,2,6,2,,,,
152920,3,6,1,,,,
152921,1,6,3,,,,
152921,2,4,6,,,,
152921,3,6,3,,,,
152921,4,6,4,,,,
152922,1,7,5,,,,
152922,2,7,5,,,,
152922,3,6,3,,,,
152923,1,6,4,,,,
152923,2,6,0,,,,
152923,3,6,2,,,,
152924,1,6,0,,,,
152924,2,6,0,,,,
152924,3,6,2,,,,
152925,1,7,5,,,,
152925,2,6,4,,,,
152925,3,3,6,,,,
152925,4,7,5,,,,
152926,1,6,3,,,,
152926,2,6,4,,,,
152926,3,6,1,,,,
152927,1,5,7,,,,
152927,2,7,6,14,12,1,
152927,3,6,3,,,,
152927,4,6,4,,,,
152928,1,6,3,,,,
152928,2,6,4,,,,
152928,3,6,4,,,,
152929,1,7,5,,,,
152929,2,6,7,4,7,,1
152929,3,6,4,,,,
152929,4,4,6,,,,
152929,5,6,3,,,,
152930,1,6,3,,,,
152930,2,3,6,,,,
152930,3,6,3,,,,
152930,4,6,1,,,,
152931,1,7,6,7,3,1,
152931,2,6,3,,,,
152931,3,6,4,,,,
152932,1,6,1,,,,
152932,2,7,6,14,12,1,
152932,3,6,0,,,,
152933,1,6,4,,,,
152933,2,6,4,,,,
152933,3,6,2,,,,
152934,1,6,1,,,,
152934,2,6,4,,,,
152934,3,6,2,,,,
152935,1,4,6,,,,
152935,2,6,3,,,,
152935,3,6,4,,,,
152935,4,6,2,,,,
152936,1,7,6,8,6,1,
152937,1,2,6,,,,
152937,2,6,1,,,,
152937,3,6,2,,,,
152937,4,6,2,,,,
152938,1,6,3,,,,
152938,2,6,2,,,,
152938,3,6,4,,,,
152939,1,4,6,,,,
152939,2,6,7,3,7,,1
152939,3,6,2,,,,
152939,4,7,6,7,3,1,
152939,5,6,2,,,,
152940,1,6,4,,,,
152940,2,6,3,,,,
152940,3,6,0,,,,
152941,1,7,6,7,5,1,
152941,2,6,4,,,,
152941,3,6,3,,,,
152942,1,7,6,7,5,1,
152942,2,6,3,,,,
152942,3,6,3,,,,
152943,1,6,1,,,,
152943,2,3,6,,,,
152943,3,6,7,5,7,,1
152943,4,6,3,,,,
152943,5,6,2,,,,
152944,1,6,4,,,,
152944,2,6,2,,,,
152944,3,7,5,,,,
152945,1,6,3,,,,
152945,2,7,6,7,1,1,
152945,3,6,2,,,,
152946,1,6,1,,,,
152946,2,7,6,9,7,1,
152946,3,6,0,,,,
152947,1,6,0,,,,
152947,2,7,6,7,4,1,
152947,3,5,7,,,,
152947,4,5,7,,,,
152947,5,6,3,,,,
152948,1,2,6,,,,
152948,2,6,1,,,,
152948,3,6,1,,,,
152948,4,4,1,,,,
152949,1,6,4,,,,
152949,2,6,4,,,,
152949,3,7,5,,,,
152950,1,6,4,,,,
152950,2,3,6,,,,
152950,3,6,2,,,,
152950,4,7,5,,,,
152951,1,6,4,,,,
152951,2,6,4,,,,
152951,3,6,2,,,,
152952,1,6,3,,,,
152952,2,6,2,,,,
152952,3,3,6,,,,
152952,4,6,1,,,,
152953,1,7,6,7,2,1,
152953,2,2,6,,,,
152953,3,6,4,,,,
152953,4,7,6,7,5,1,
152954,1,7,5,,,,
152954,2,4,6,,,,
152954,3,6,3,,,,
152954,4,6,7,4,7,,1
152954,5,6,0,,,,
152955,1,6,4,,,,
152955,2,3,6,,,,
152955,3,6,1,,,,
152955,4,3,6,,,,
152955,5,6,3,,,,
152956,1,6,7,3,7,,1
152956,2,3,6,,,,
152956,3,5,4,,,,
152957,1,6,4,,,,
152957,2,6,3,,,,
152957,3,6,4,,,,
152958,1,2,6,,,,
152958,2,6,1,,,,
152958,3,7,5,,,,
152958,4,6,4,,,,
152959,1,1,6,,,,
152959,2,4,6,,,,
152959,3,6,1,,,,
152959,4,6,1,,,,
152959,5,6,2,,,,
152960,1,6,2,,,,
152960,2,6,1,,,,
152960,3,6,2,,,,
152961,1,6,3,,,,
152961,2,6,2,,,,
152961,3,6,2,,,,
152962,1,4,6,,,,
152962,2,6,7,3,7,,1
152962,3,6,4,,,,
152962,4,6,2,,,,
152962,5,7,5,,,,
152963,1,7,6,7,3,1,
152963,2,7,5,,,,
152963,3,6,3,,,,
152964,1,2,6,,,,
152964,2,6,3,,,,
152964,3,7,6,7,3,1,
152964,4,6,3,,,,
152965,1,6,4,,,,
152965,2,6,2,,,,
152965,3,4,6,,,,
152965,4,7,5,,,,
152966,1,7,5,,,,
152966,2,6,2,,,,
152966,3,6,2,,,,
152967,1,7,5,,,,
152967,2,4,6,,,,
152967,3,6,2,,,,
152967,4,6,3,,,,
152968,1,6,1,,,,
152968,2,6,4,,,,
152968,3,6,0,,,,
152969,1,6,3,,,,
152969,2,6,7,9,11,,1
152969,3,4,6,,,,
152969,4,6,3,,,,
152969,5,7,5,,,,
152970,1,6,1,,,,
152970,2,6,2,,,,
152970,3,6,4,,,,
152971,1,6,1,,,,
152971,2,6,1,,,,
152971,3,7,5,,,,
152972,1,6,1,,,,
152972,2,7,6,7,5,1,
152972,3,6,2,,,,
152973,1,4,6,,,,
152973,2,6,3,,,,
152973,3,3,6,,,,
152973,4,6,4,,,,
152973,5,6,4,,,,
152974,1,1,6,,,,
152974,2,7,5,,,,
152974,3,6,3,,,,
152974,4,7,5,,,,
152975,1,6,4,,,,
152975,2,6,4,,,,
152975,3,7,6,7,1,1,
152976,1,6,4,,,,
152976,2,4,2,,,,
152977,1,6,4,,,,
152977,2,4,6,,,,
152977,3,3,6,,,,
152977,4,6,2,,,,
152977,5,6,1,,,,
152978,1,7,6,7,5,1,
152978,2,6,3,,,,
152978,3,7,6,7,2,1,
152979,1,3,6,,,,
152979,2,4,6,,,,
152979,3,6,3,,,,
152979,4,6,4,,,,
152979,5,6,4,,,,
152980,1,6,1,,,,
152980,2,6,2,,,,
152980,3,4,6,,,,
152980,4,1,6,,,,
152980,5,6,2,,,,
152981,1,7,6,7,5,1,
152981,2,3,6,,,,
152981,3,6,0,,,,
152981,4,7,5,,,,
152982,1,6,4,,,,
152982,2,6,1,,,,
152982,3,6,1,,,,
152983,1,6,3,,,,
152983,2,6,2,,,,
152983,3,6,1,,,,
152984,1,1,6,,,,
152984,2,7,6,8,6,1,
152984,3,6,2,,,,
152984,4,6,2,,,,
152985,1,6,4,,,,
152985,2,5,7,,,,
152985,3,6,2,,,,
152985,4,7,5,,,,
152986,1,3,6,,,,
152986,2,6,3,,,,
152986,3,6,4,,,,
152987,1,3,6,,,,
152987,2,6,2,,,,
152987,3,7,6,7,5,1,
152987,4,6,4,,,,
152988,1,6,4,,,,
152988,2,6,2,,,,
152988,3,3,0,,,,
152989,1,6,4,,,,
152989,2,6,4,,,,
152989,3,6,3,,,,
152990,1,6,7,4,7,,1
152990,2,6,2,,,,
152990,3,3,6,,,,
152990,4,6,2,,,,
152990,5,6,3,,,,
152991,1,6,1,,,,
152991,2,6,4,,,,
152991,3,6,4,,,,
152992,1,6,1,,,,
152992,2,6,3,,,,
152992,3,4,6,,,,
152992,4,5,7,,,,
152992,5,6,4,,,,
152993,1,5,7,,,,
152993,2,6,4,,,,
152993,3,6,2,,,,
152993,4,4,6,,,,
152993,5,6,3,,,,
152994,1,2,6,,,,
152994,2,6,0,,,,
152994,3,6,4,,,,
152994,4,6,2,,,,
152995,1,7,5,,,,
152995,2,7,6,10,8,1,
152995,3,1,6,,,,
152995,4,3,6,,,,
152995,5,6,2,,,,
152996,1,3,6,,,,
152996,2,1,6,,,,
152996,3,6,4,,,,
152996,4,6,1,,,,
152996,5,6,1,,,,
152997,1,6,3,,,,
152997,2,4,6,,,,
152997,3,6,4,,,,
152997,4,6,3,,,,
152998,1,7,5,,,,
152998,2,6,4,,,,
152998,3,6,4,,,,
152999,1,7,6,7,4,1,
152999,2,6,3,,,,
152999,3,7,6,8,6,1,
153000,1,6,0,,,,
153000,2,4,0,,,,
153001,1,7,5,,,,
153001,2,6,2,,,,
153001,3,6,2,,,,
153002,1,6,4,,,,
153002,2,7,5,,,,
153002,3,6,3,,,,
153003,1,4,6,,,,
153003,2,6,1,,,,
153003,3,6,1,,,,
153003,4,3,6,,,,
153003,5,8,6,,,,
153004,1,3,6,,,,
153004,2,6,3,,,,
153004,3,7,6,7,3,1,
153004,4,6,3,,,,
153005,1,7,6,7,4,1,
153005,2,3,6,,,,
153005,3,6,3,,,,
153005,4,6,4,,,,
153007,1,6,1,,,,
153007,2,6,0,,,,
153007,3,7,6,7,4,1,
153008,1,3,6,,,,
153008,2,6,1,,,,
153008,3,7,6,7,3,1,
153008,4,6,3,,,,
153009,1,7,6,7,3,1,
153009,2,6,4,,,,
153009,3,5,7,,,,
153009,4,6,1,,,,
153010,1,4,6,,,,
153010,2,6,3,,,,
153010,3,6,7,4,7,,1
153010,4,6,4,,,,
153010,5,6,0,,,,
153011,1,4,6,,,,
153011,2,6,3,,,,
153011,3,2,6,,,,
153011,4,7,6,7,5,1,
153011,5,10,8,,,,
153012,1,7,5,,,,
153012,2,7,6,7,4,1,
153012,3,6,2,,,,
153013,1,6,3,,,,
153013,2,6,1,,,,
153013,3,3,6,,,,
153013,4,6,3,,,,
153014,1,6,4,,,,
153014,2,6,3,,,,
153014,3,6,4,,,,
153015,1,6,0,,,,
153015,2,6,1,,,,
153015,3,6,1,,,,
153016,1,4,6,,,,
153016,2,6,3,,,,
153016,3,7,6,7,5,1,
153016,4,6,3,,,,
153017,1,6,3,,,,
153017,2,6,3,,,,
153017,3,6,1,,,,
153018,1,7,5,,,,
153018,2,6,2,,,,
153018,3,6,1,,,,
153019,1,6,4,,,,
153019,2,6,2,,,,
153019,3,6,0,,,,
153020,1,6,2,,,,
153020,2,7,5,,,,
153020,3,5,7,,,,
153020,4,1,6,,,,
153020,5,6,4,,,,
153021,1,4,6,,,,
153021,2,7,6,7,3,1,
153021,3,7,6,7,4,1,
153021,4,6,3,,,,
153022,1,6,2,,,,
153022,2,6,2,,,,
153022,3,6,2,,,,
153023,1,6,3,,,,
153023,2,6,2,,,,
153023,3,7,6,7,3,1,
153024,1,6,2,,,,
153024,2,6,3,,,,
153024,3,6,0,,,,
153025,1,4,6,,,,
153025,2,7,6,7,0,1,
153025,3,7,6,8,6,1,
153025,4,2,6,,,,
153025,5,6,3,,,,
153026,1,7,6,8,6,1,
153026,2,7,5,,,,
153026,3,6,3,,,,
153027,1,7,6,7,5,1,
153027,2,7,6,7,1,1,
153027,3,6,1,,,,
153028,1,7,6,7,2,1,
153028,2,6,2,,,,
153028,3,6,4,,,,
153029,1,6,3,,,,
153029,2,6,7,3,7,,1
153029,3,6,4,,,,
153029,4,6,7,0,7,,1
153029,5,6,1,,,,
153030,1,6,2,,,,
153030,2,6,4,,,,
153030,3,6,2,,,,
153031,1,6,1,,,,
153031,2,6,3,,,,
153031,3,4,6,,,,
153031,4,6,3,,,,
153032,1,6,4,,,,
153032,2,6,4,,,,
153032,3,6,1,,,,
153033,1,6,1,,,,
153033,2,6,1,,,,
153033,3,1,0,,,,
153034,1,2,6,,,,
153034,2,6,2,,,,
153034,3,6,1,,,,
153034,4,3,6,,,,
153034,5,6,3,,,,
153035,1,6,4,,,,
153035,2,6,2,,,,
153035,3,6,1,,,,
153036,1,6,4,,,,
153036,2,6,2,,,,
153036,3,6,2,,,,
153037,1,4,6,,,,
153037,2,7,6,7,5,1,
153037,3,7,6,7,3,1,
153037,4,7,6,7,2,1,
153038,1,6,4,,,,
153038,2,6,4,,,,
153038,3,6,2,,,,
153039,1,6,4,,,,
153039,2,7,6,7,4,1,
153039,3,6,1,,,,
153040,1,6,3,,,,
153040,2,6,3,,,,
153040,3,6,1,,,,
153041,1,6,4,,,,
153041,2,6,3,,,,
153041,3,6,2,,,,
153042,1,6,7,5,7,,1
153042,2,7,6,8,6,1,
153042,3,6,4,,,,
153042,4,6,3,,,,
153043,1,6,3,,,,
153043,2,3,6,,,,
153043,3,6,7,4,7,,1
153043,4,6,1,,,,
153043,5,7,5,,,,
153044,1,6,7,5,7,,1
153044,2,6,2,,,,
153044,3,7,6,7,5,1,
153044,4,6,4,,,,
153045,1,5,7,,,,
153045,2,6,4,,,,
153045,3,6,2,,,,
153045,4,6,7,5,7,,1
153045,5,7,5,,,,
155927,1,6,3,,,,
155927,2,6,2,,,,
155927,3,6,4,,,,
155928,1,5,7,,,,
155928,2,4,6,,,,
155928,3,6,3,,,,
155928,4,6,3,,,,
155928,5,7,5,,,,
155929,1,6,7,2,7,,1
155929,2,6,4,,,,
155929,3,6,2,,,,
155929,4,6,4,,,,
155930,1,7,6,7,4,1,
155930,2,6,3,,,,
155930,3,6,7,0,7,,1
155930,4,3,6,,,,
155930,5,6,2,,,,
155931,1,6,1,,,,
155931,2,6,4,,,,
155931,3,6,1,,,,
155932,1,6,2,,,,
155932,2,6,4,,,,
155932,3,6,3,,,,
155933,1,7,6,7,3,1,
155933,2,6,1,,,,
155933,3,6,1,,,,
155934,1,3,6,,,,
155934,2,7,6,7,3,1,
155934,3,6,3,,,,
155934,4,6,4,,,,
155935,1,6,3,,,,
155935,2,6,1,,,,
155935,3,6,2,,,,
155936,1,6,3,,,,
155936,2,3,6,,,,
155936,3,4,6,,,,
155936,4,6,3,,,,
155936,5,6,4,,,,
155937,1,6,1,,,,
155937,2,6,1,,,,
155937,3,6,2,,,,
155938,1,6,0,,,,
155938,2,2,6,,,,
155938,3,6,4,,,,
155938,4,3,6,,,,
155938,5,6,1,,,,
155939,1,4,6,,,,
155939,2,7,6,7,4,1,
155939,3,6,1,,,,
155939,4,6,2,,,,
155940,1,6,3,,,,
155940,2,7,5,,,,
155940,3,6,3,,,,
155941,1,6,3,,,,
155941,2,6,4,,,,
155941,3,6,2,,,,
155942,1,6,4,,,,
155942,2,7,6,7,5,1,
155942,3,7,5,,,,
155943,1,6,4,,,,
155943,2,6,4,,,,
155943,3,3,6,,,,
155943,4,0,6,,,,
155943,5,7,5,,,,
155944,1,6,7,0,7,,1
155944,2,7,6,7,4,1,
155944,3,6,4,,,,
155944,4,3,6,,,,
155944,5,6,3,,,,
155945,1,4,6,,,,
155945,2,6,7,0,7,,1
155945,3,6,2,,,,
155945,4,7,6,7,4,1,
155945,5,6,3,,,,
155946,1,6,4,,,,
155946,2,6,4,,,,
155946,3,6,2,,,,
155947,1,1,6,,,,
155947,2,7,6,7,5,1,
155947,3,7,6,7,4,1,
155947,4,6,2,,,,
155948,1,6,7,5,7,,1
155948,2,6,3,,,,
155948,3,6,1,,,,
155948,4,6,3,,,,
155949,1,7,5,,,,
155949,2,6,7,4,7,,1
155949,3,6,2,,,,
155949,4,6,7,6,8,,1
155949,5,6,2,,,,
155950,1,6,7,4,7,,1
155950,2,6,4,,,,
155950,3,6,0,,,,
155950,4,4,6,,,,
155950,5,6,4,,,,
155951,1,6,3,,,,
155951,2,6,2,,,,
155951,3,6,3,,,,
155952,1,7,5,,,,
155952,2,6,4,,,,
155952,3,6,3,,,,
155953,1,6,4,,,,
155953,2,6,2,,,,
155953,3,6,4,,,,
155954,1,6,3,,,,
155954,2,6,7,5,7,,1
155954,3,2,6,,,,
155954,4,7,5,,,,
155954,5,11,9,,,,
155955,1,6,2,,,,
155955,2,6,4,,,,
155955,3,7,6,7,3,1,
155956,1,7,6,7,4,1,
155956,2,7,5,,,,
155956,3,6,3,,,,
155957,1,6,1,,,,
155957,2,6,2,,,,
155957,3,6,2,,,,
155958,1,4,6,,,,
155958,2,6,3,,,,
155958,3,7,5,,,,
155958,4,7,6,7,1,1,
155959,1,7,6,7,5,1,
155959,2,6,7,3,7,,1
155959,3,6,2,,,,
155959,4,6,1,,,,
155960,1,7,6,8,6,1,
155960,2,7,6,7,5,1,
155960,3,1,0,,,,
155961,1,6,2,,,,
155961,2,6,4,,,,
155961,3,6,2,,,,
155962,1,4,6,,,,
155962,2,6,3,,,,
155962,3,6,4,,,,
155962,4,6,2,,,,
155963,1,6,4,,,,
155963,2,6,4,,,,
155963,3,3,6,,,,
155963,4,6,2,,,,
155964,1,6,4,,,,
155964,2,7,5,,,,
155964,3,6,2,,,,
155965,1,2,6,,,,
155965,2,6,3,,,,
155965,3,6,2,,,,
155965,4,6,2,,,,
155966,1,7,6,7,5,1,
155966,2,6,7,2,7,,1
155966,3,6,4,,,,
155966,4,6,4,,,,
155967,1,6,2,,,,
155967,2,6,1,,,,
155967,3,4,6,,,,
155967,4,6,1,,,,
155968,1,6,7,7,9,,1
155968,2,7,6,7,4,1,
155968,3,6,3,,,,
155968,4,6,3,,,,
155969,1,2,6,,,,
155969,2,3,6,,,,
155969,3,6,2,,,,
155969,4,7,6,14,12,1,
155969,5,6,1,,,,
155970,1,6,2,,,,
155970,2,7,6,7,4,1,
155970,3,7,5,,,,
155971,1,6,4,,,,
155971,2,6,1,,,,
155971,3,6,4,,,,
155972,1,6,3,,,,
155972,2,6,1,,,,
155972,3,6,3,,,,
155973,1,6,4,,,,
155973,2,7,5,,,,
155973,3,6,2,,,,
155974,1,6,7,4,7,,1
155974,2,6,3,,,,
155974,3,6,2,,,,
155974,4,6,3,,,,
155975,1,6,4,,,,
155975,2,7,6,10,8,1,
155975,3,4,6,,,,
155975,4,5,7,,,,
155975,5,8,6,,,,
155976,1,6,3,,,,
155976,2,6,1,,,,
155976,3,6,3,,,,
155977,1,7,6,7,3,1,
155977,2,4,6,,,,
155977,3,6,3,,,,
155977,4,4,6,,,,
155977,5,8,6,,,,
155978,1,7,5,,,,
155978,2,4,6,,,,
155978,3,6,3,,,,
155978,4,6,3,,,,
155979,1,6,4,,,,
155979,2,7,5,,,,
155979,3,6,4,,,,
155980,1,7,5,,,,
155980,2,6,2,,,,
155980,3,6,1,,,,
155981,1,3,6,,,,
155981,2,6,1,,,,
155981,3,6,2,,,,
155981,4,7,6,7,0,1,
155982,1,7,6,7,5,1,
155982,2,7,5,,,,
155982,3,6,2,,,,
155983,1,7,6,7,2,1,
155983,2,7,5,,,,
155983,3,6,2,,,,
155984,1,6,2,,,,
155984,2,6,3,,,,
155984,3,6,4,,,,
155985,1,6,3,,,,
155985,2,3,6,,,,
155985,3,6,3,,,,
155985,4,6,4,,,,
155986,1,6,3,,,,
155986,2,6,2,,,,
155986,3,6,3,,,,
155987,1,3,6,,,,
155987,2,6,1,,,,
155987,3,7,5,,,,
155987,4,6,3,,,,
155988,1,6,2,,,,
155988,2,6,4,,,,
155988,3,6,1,,,,
155989,1,6,1,,,,
155989,2,6,2,,,,
155989,3,6,3,,,,
155990,1,6,2,,,,
155990,2,6,2,,,,
155990,3,6,4,,,,
155991,1,6,7,2,7,,1
155991,2,1,1,,,,
155992,1,6,3,,,,
155992,2,7,6,7,4,1,
155993,1,6,1,,,,
155993,2,7,5,,,,
155993,3,6,4,,,,
155994,1,6,1,,,,
155994,2,6,3,,,,
155994,3,6,2,,,,
155995,1,6,7,4,7,,1
155995,2,6,3,,,,
155995,3,6,7,3,7,,1
155995,4,6,3,,,,
155995,5,6,2,,,,
155996,1,6,2,,,,
155996,2,6,2,,,,
155996,3,6,4,,,,
155997,1,6,0,,,,
155997,2,7,5,,,,
155997,3,4,6,,,,
155997,4,6,3,,,,
155998,1,3,6,,,,
155998,2,6,3,,,,
155998,3,6,2,,,,
155998,4,6,2,,,,
155999,1,3,6,,,,
155999,2,7,6,7,4,1,
155999,3,6,2,,,,
155999,4,3,6,,,,
155999,5,6,3,,,,
156000,1,7,6,7,4,1,
156000,2,6,4,,,,
156000,3,6,1,,,,
156001,1,6,4,,,,
156001,2,6,1,,,,
156001,3,6,2,,,,
156002,1,6,7,10,12,,1
156002,2,3,6,,,,
156002,3,6,1,,,,
156002,4,6,0,,,,
156002,5,7,5,,,,
156003,1,4,6,,,,
156003,2,7,5,,,,
156003,3,7,6,7,5,1,
156003,4,7,6,7,5,1,
156004,1,6,3,,,,
156004,2,6,4,,,,
156004,3,3,6,,,,
156004,4,4,6,,,,
156004,5,7,5,,,,
156005,1,6,2,,,,
156005,2,6,4,,,,
156005,3,6,2,,,,
156006,1,6,3,,,,
156006,2,3,6,,,,
156006,3,6,1,,,,
156006,4,6,2,,,,
156007,1,7,6,7,4,1,
156007,2,5,7,,,,
156007,3,6,7,3,7,,1
156007,4,7,6,7,3,1,
156007,5,6,2,,,,
156008,1,7,5,,,,
156008,2,6,2,,,,
156008,3,6,4,,,,
156009,1,2,6,,,,
156009,2,6,3,,,,
156009,3,7,6,7,4,1,
156009,4,6,2,,,,
156010,1,7,6,7,5,1,
156010,2,4,6,,,,
156010,3,0,6,,,,
156010,4,6,1,,,,
156010,5,8,6,,,,
156011,1,6,2,,,,
156011,2,6,3,,,,
156011,3,6,1,,,,
156012,1,6,2,,,,
156012,2,6,2,,,,
156012,3,6,4,,,,
156013,1,6,3,,,,
156013,2,7,6,7,1,1,
156013,3,6,3,,,,
156014,1,3,6,,,,
156014,2,6,3,,,,
156014,3,6,4,,,,
156014,4,6,7,3,7,,1
156014,5,10,8,,,,
156015,1,6,3,,,,
156015,2,6,7,4,7,,1
156015,3,6,3,,,,
156015,4,6,7,4,7,,1
156015,5,6,1,,,,
156016,1,6,3,,,,
156016,2,6,2,,,,
156016,3,6,2,,,,
156017,1,7,6,7,2,1,
156017,2,6,2,,,,
156017,3,6,3,,,,
156018,1,6,2,,,,
156018,2,7,6,7,4,1,
156018,3,6,4,,,,
156019,1,6,7,4,7,,1
156019,2,7,5,,,,
156019,3,7,6,7,3,1,
156019,4,7,6,10,8,1,
156020,1,6,3,,,,
156020,2,6,4,,,,
156020,3,6,4,,,,
156021,1,6,4,,,,
156021,2,6,3,,,,
156021,3,7,5,,,,
156022,1,7,6,8,6,1,
156022,2,7,5,,,,
156022,3,6,4,,,,
156023,1,4,6,,,,
156023,2,6,3,,,,
156023,3,4,6,,,,
156023,4,7,6,7,4,1,
156023,5,6,2,,,,
156024,1,6,3,,,,
156024,2,6,2,,,,
156024,3,6,2,,,,
156025,1,6,4,,,,
156025,2,6,2,,,,
156025,3,6,3,,,,
156026,1,7,6,7,3,1,
156026,2,6,2,,,,
156026,3,6,3,,,,
156027,1,7,6,7,3,1,
156027,2,7,6,7,4,1,
156027,3,6,1,,,,
156028,1,3,6,,,,
156028,2,6,4,,,,
156028,3,2,6,,,,
156028,4,6,4,,,,
156028,5,6,3,,,,
156029,1,6,3,,,,
156029,2,6,3,,,,
156029,3,6,7,3,7,,1
156029,4,3,6,,,,
156029,5,6,3,,,,
156030,1,6,7,2,7,,1
156030,2,6,3,,,,
156030,3,2,6,,,,
156030,4,6,4,,,,
156030,5,6,2,,,,
156031,1,6,4,,,,
156031,2,6,4,,,,
156031,3,4,6,,,,
156031,4,1,6,,,,
156031,5,8,6,,,,
156032,1,6,3,,,,
156032,2,6,4,,,,
156032,3,7,5,,,,
156033,1,6,2,,,,
156033,2,6,1,,,,
156033,3,6,4,,,,
156034,1,4,6,,,,
156034,2,6,3,,,,
156034,3,7,6,7,2,1,
156034,4,6,0,,,,
156035,1,7,6,7,4,1,
156035,2,6,3,,,,
156035,3,6,4,,,,
156036,1,6,4,,,,
156036,2,7,6,7,5,1,
156036,3,6,1,,,,
156037,1,1,6,,,,
156037,2,7,5,,,,
156037,3,6,4,,,,
156037,4,6,7,5,7,,1
156037,5,12,10,,,,
156038,1,6,3,,,,
156038,2,6,2,,,,
156038,3,7,6,15,13,1,
156039,1,6,2,,,,
156039,2,6,1,,,,
156039,3,6,4,,,,
156040,1,6,2,,,,
156040,2,5,1,,,,
156041,1,5,7,,,,
156041,2,6,3,,,,
156041,3,6,2,,,,
156041,4,6,2,,,,
156042,1,6,3,,,,
156042,2,6,1,,,,
156042,3,6,3,,,,
156043,1,6,4,,,,
156043,2,3,6,,,,
156043,3,6,3,,,,
156043,4,6,2,,,,
156044,1,6,4,,,,
156044,2,7,6,7,4,1,
156044,3,6,2,,,,
156045,1,6,1,,,,
156045,2,4,6,,,,
156045,3,6,1,,,,
156045,4,6,4,,,,
156046,1,4,6,,,,
156046,2,4,6,,,,
156046,3,7,5,,,,
156046,4,7,6,7,4,1,
156046,5,6,2,,,,
156047,1,6,4,,,,
156047,2,6,1,,,,
156047,3,6,2,,,,
156048,1,7,6,7,4,1,
156048,2,4,6,,,,
156048,3,7,6,7,4,1,
156048,4,3,6,,,,
156048,5,6,3,,,,
156049,1,6,2,,,,
156049,2,6,2,,,,
156049,3,6,1,,,,
156050,1,6,4,,,,
156050,2,6,7,5,7,,1
156050,3,6,3,,,,
156050,4,6,7,2,7,,1
156050,5,6,2,,,,
156051,1,6,7,2,7,,1
156051,2,7,6,7,3,1,
156051,3,6,3,,,,
156051,4,6,2,,,,
155925,1,6,2,,,,
155925,2,6,4,,,,
155925,3,7,5,,,,
155926,1,2,6,,,,
155926,2,6,4,,,,
155926,3,7,5,,,,
155926,4,6,4,,,,
158869,1,6,4,,,,
158870,1,7,6,7,4,1,
158870,2,0,6,,,,
158870,3,7,6,7,3,1,
158870,4,6,2,,,,
158871,1,7,6,7,5,1,
158871,2,5,7,,,,
158871,3,6,2,,,,
158871,4,6,4,,,,
158872,1,6,4,,,,
158872,2,6,4,,,,
158872,3,6,4,,,,
158873,1,7,6,7,4,1,
158873,2,6,3,,,,
158873,3,5,7,,,,
158873,4,5,7,,,,
158873,5,7,5,,,,
158874,1,6,7,4,7,,1
158874,2,7,6,7,2,1,
158874,3,6,2,,,,
158874,4,1,0,,,,
158875,1,6,4,,,,
158875,2,7,6,11,9,1,
158875,3,4,6,,,,
158875,4,6,3,,,,
158876,1,6,3,,,,
158876,2,5,7,,,,
158876,3,6,2,,,,
158876,4,4,6,,,,
158876,5,6,2,,,,
158877,1,7,6,7,2,1,
158877,2,6,1,,,,
158877,3,4,6,,,,
158877,4,6,2,,,,
158878,1,7,6,7,5,1,
158878,2,7,6,7,5,1,
158878,3,6,3,,,,
158879,1,6,3,,,,
158879,2,6,2,,,,
158879,3,6,1,,,,
158880,1,6,7,7,9,,1
158880,2,6,4,,,,
158880,3,6,4,,,,
158880,4,6,3,,,,
158881,1,7,6,14,12,1,
158881,2,6,3,,,,
158881,3,6,4,,,,
158882,1,6,3,,,,
158882,2,6,7,5,7,,1
158882,3,6,2,,,,
158882,4,7,6,7,2,1,
158883,1,6,2,,,,
158883,2,6,1,,,,
158883,3,6,1,,,,
158884,1,6,7,1,7,,1
158884,2,6,3,,,,
158884,3,6,4,,,,
158884,4,6,4,,,,
158885,1,6,1,,,,
158885,2,6,1,,,,
158885,3,6,3,,,,
158886,1,7,5,,,,
158886,2,4,6,,,,
158886,3,6,7,4,7,,1
158886,4,6,1,,,,
158886,5,6,3,,,,
158887,1,6,4,,,,
158887,2,7,5,,,,
158887,3,6,1,,,,
158888,1,6,4,,,,
158888,2,6,4,,,,
158888,3,7,6,7,2,1,
158889,1,7,6,7,3,1,
158889,2,6,3,,,,
158889,3,6,0,,,,
158890,1,6,3,,,,
158890,2,7,6,7,4,1,
158890,3,7,5,,,,
158891,1,6,4,,,,
158891,2,6,2,,,,
158891,3,7,5,,,,
158892,1,6,2,,,,
158892,2,7,6,8,6,1,
158893,1,7,5,,,,
158893,2,6,3,,,,
158893,3,6,3,,,,
158894,1,4,6,,,,
158894,2,6,3,,,,
158894,3,7,6,7,5,1,
158895,1,4,6,,,,
158895,2,4,6,,,,
158895,3,6,3,,,,
158895,4,6,3,,,,
158895,5,6,2,,,,
158896,1,6,7,4,7,,1
158896,2,6,4,,,,
158896,3,3,6,,,,
158896,4,6,3,,,,
158896,5,16,14,,,,
158897,1,5,7,,,,
158897,2,6,3,,,,
158897,3,6,2,,,,
158897,4,6,3,,,,
158898,1,6,7,3,7,,1
158898,2,6,4,,,,
158898,3,6,2,,,,
158898,4,6,0,,,,
158899,1,6,7,3,7,,1
158899,2,4,6,,,,
158899,3,6,1,,,,
158899,4,2,0,,,,
158900,1,6,4,,,,
158900,2,6,4,,,,
158900,3,6,2,,,,
158901,1,6,3,,,,
158901,2,6,4,,,,
158901,3,6,3,,,,
158902,1,7,5,,,,
158902,2,7,5,,,,
158902,3,7,6,7,2,1,
158903,1,6,4,,,,
158903,2,6,2,,,,
158903,3,6,1,,,,
158904,1,7,6,10,8,1,
158904,2,6,3,,,,
158904,3,7,6,7,4,1,
158905,1,2,6,,,,
158905,2,6,7,4,7,,1
158905,3,6,4,,,,
158905,4,6,4,,,,
158905,5,6,4,,,,
158906,1,5,7,,,,
158906,2,6,4,,,,
158906,3,6,3,,,,
158906,4,7,6,7,3,1,
158907,1,6,4,,,,
158907,2,7,6,7,5,1,
158907,3,6,7,9,11,,1
158907,4,6,2,,,,
158908,1,7,5,,,,
158908,2,5,2,,,,
158909,1,6,1,,,,
158909,2,6,4,,,,
158909,3,6,2,,,,
158910,1,6,4,,,,
158910,2,6,2,,,,
158910,3,6,4,,,,
158911,1,6,4,,,,
158911,2,6,2,,,,
158911,3,6,4,,,,
158912,1,1,6,,,,
158912,2,4,6,,,,
158912,3,6,4,,,,
158912,4,6,2,,,,
158912,5,6,1,,,,
158913,1,6,2,,,,
158913,2,6,4,,,,
158913,3,6,4,,,,
158914,1,7,5,,,,
158914,2,7,5,,,,
158914,3,6,2,,,,
158915,1,3,6,,,,
158915,2,6,3,,,,
158915,3,6,0,,,,
158915,4,5,7,,,,
158915,5,6,4,,,,
158916,1,6,3,,,,
158916,2,6,4,,,,
158916,3,6,4,,,,
158917,1,6,4,,,,
158917,2,4,1,,,,
158918,1,6,7,2,7,,1
158918,2,6,2,,,,
158918,3,6,2,,,,
158918,4,6,3,,,,
158919,1,6,3,,,,
158919,2,7,5,,,,
158919,3,4,6,,,,
158919,4,0,6,,,,
158919,5,6,3,,,,
158920,1,6,4,,,,
158920,2,6,3,,,,
158920,3,6,4,,,,
158921,1,6,1,,,,
158921,2,6,7,7,9,,1
158921,3,3,6,,,,
158921,4,7,6,7,5,1,
158921,5,8,6,,,,
158922,1,6,3,,,,
158922,2,3,6,,,,
158922,3,4,6,,,,
158922,4,6,1,,,,
158922,5,6,2,,,,
158923,1,3,6,,,,
158923,2,6,3,,,,
158923,3,3,6,,,,
158923,4,6,3,,,,
158923,5,6,4,,,,
158924,1,7,5,,,,
158924,2,6,4,,,,
158924,3,6,1,,,,
158925,1,6,3,,,,
158925,2,6,2,,,,
158926,1,3,6,,,,
158926,2,7,6,7,3,1,
158926,3,6,7,3,7,,1
158926,4,6,3,,,,
158926,5,6,3,,,,
158927,1,6,3,,,,
158927,2,6,2,,,,
158927,3,3,6,,,,
158927,4,7,6,7,3,1,
158928,1,1,6,,,,
158928,2,6,4,,,,
158928,3,7,6,7,4,1,
158928,4,6,2,,,,
158929,1,6,2,,,,
158929,2,6,2,,,,
158929,3,6,3,,,,
158930,1,6,4,,,,
158930,2,7,5,,,,
158930,3,6,4,,,,
158931,1,6,1,,,,
158931,2,6,3,,,,
158931,3,6,1,,,,
158932,1,6,3,,,,
158932,2,7,6,7,2,1,
158932,3,6,1,,,,
158933,1,6,2,,,,
158933,2,6,4,,,,
158933,3,6,2,,,,
158934,1,7,6,7,2,1,
158934,2,7,5,,,,
158934,3,6,2,,,,
158935,1,6,4,,,,
158935,2,2,6,,,,
158935,3,6,3,,,,
158935,4,4,6,,,,
158935,5,7,5,,,,
158936,1,6,1,,,,
158936,2,6,1,,,,
158936,3,7,6,7,3,1,
158937,1,7,6,11,9,1,
158937,2,6,4,,,,
158937,3,6,4,,,,
158938,1,6,3,,,,
158938,2,6,3,,,,
158938,3,7,6,13,11,1,
158939,1,6,7,5,7,,1
158939,2,6,7,5,7,,1
158939,3,6,4,,,,
158939,4,6,2,,,,
158939,5,6,2,,,,
158940,1,4,6,,,,
158940,2,6,3,,,,
158940,3,5,7,,,,
158940,4,6,4,,,,
158940,5,7,5,,,,
158941,1,6,2,,,,
158941,2,6,2,,,,
158941,3,7,5,,,,
158942,1,6,4,,,,
158942,2,7,6,8,6,1,
158942,3,6,4,,,,
158943,1,7,6,7,3,1,
158943,2,6,1,,,,
158943,3,6,7,3,7,,1
158943,4,6,1,,,,
158944,1,6,4,,,,
158944,2,6,3,,,,
158944,3,5,7,,,,
158944,4,7,6,7,2,1,
158945,1,7,6,8,6,1,
158945,2,6,4,,,,
158945,3,6,4,,,,
158946,1,4,6,,,,
158946,2,7,6,7,3,1,
158946,3,6,7,5,7,,1
158946,4,6,1,,,,
158946,5,6,2,,,,
158947,1,7,6,7,1,1,
158947,2,3,6,,,,
158947,3,2,6,,,,
158947,4,6,4,,,,
158947,5,6,4,,,,
158948,1,6,2,,,,
158948,2,6,1,,,,
158948,3,7,6,7,4,1,
158949,1,6,4,,,,
158949,2,6,1,,,,
158949,3,6,3,,,,
158950,1,4,6,,,,
158950,2,4,6,,,,
158950,3,6,3,,,,
158950,4,4,1,,,,
158951,1,6,4,,,,
158951,2,6,3,,,,
158951,3,6,4,,,,
158952,1,7,6,7,1,1,
158952,2,6,4,,,,
158952,3,4,6,,,,
158952,4,6,1,,,,
158953,1,6,4,,,,
158953,2,3,6,,,,
158953,3,6,3,,,,
158953,4,3,6,,,,
158953,5,6,3,,,,
158954,1,4,6,,,,
158954,2,7,6,7,3,1,
158954,3,7,6,7,5,1,
158954,4,6,3,,,,
158955,1,7,5,,,,
158955,2,7,6,7,5,1,
158955,3,6,7,3,7,,1
158955,4,7,6,7,5,1,
158956,1,7,6,7,2,1,
158956,2,5,7,,,,
158956,3,6,0,,,,
158956,4,6,3,,,,
158957,1,6,3,,,,
158957,2,6,3,,,,
158957,3,6,7,4,7,,1
158957,4,6,4,,,,
158958,1,3,6,,,,
158958,2,7,6,8,6,1,
158958,3,7,6,11,9,1,
158958,4,6,1,,,,
158959,1,6,3,,,,
158959,2,6,7,4,7,,1
158959,3,6,1,,,,
158959,4,7,6,8,6,1,
158960,1,7,6,7,3,1,
158960,2,6,4,,,,
158960,3,6,4,,,,
158961,1,7,5,,,,
158961,2,6,4,,,,
158961,3,3,6,,,,
158961,4,6,2,,,,
158962,1,6,2,,,,
158962,2,6,3,,,,
158962,3,6,4,,,,
158963,1,7,6,7,3,1,
158963,2,4,6,,,,
158963,3,6,1,,,,
158963,4,6,4,,,,
158964,1,6,0,,,,
158964,2,6,4,,,,
158964,3,6,4,,,,
158965,1,6,1,,,,
158965,2,6,2,,,,
158965,3,6,3,,,,
158966,1,7,5,,,,
158966,2,6,1,,,,
158966,3,6,0,,,,
158967,1,6,3,,,,
158967,2,3,6,,,,
158967,3,6,4,,,,
158967,4,7,6,12,10,1,
158968,1,6,2,,,,
158968,2,6,1,,,,
158968,3,6,4,,,,
158969,1,7,6,7,2,1,
158969,2,6,4,,,,
158969,3,6,2,,,,
158970,1,6,0,,,,
158970,2,7,6,7,2,1,
158970,3,6,4,,,,
158971,1,7,6,7,5,1,
158971,2,6,4,,,,
158971,3,6,2,,,,
158972,1,6,2,,,,
158972,2,6,2,,,,
158972,3,6,3,,,,
158973,1,6,4,,,,
158973,2,6,2,,,,
158973,3,6,2,,,,
158974,1,3,6,,,,
158974,2,4,6,,,,
158974,3,6,3,,,,
158974,4,7,6,7,5,1,
158974,5,7,5,,,,
158975,1,7,5,,,,
158975,2,6,2,,,,
158975,3,6,2,,,,
158976,1,6,2,,,,
158976,2,7,6,7,5,1,
158976,3,6,2,,,,
158978,1,2,6,,,,
158978,2,7,5,,,,
158978,3,6,4,,,,
158978,4,7,6,8,6,1,
158979,1,7,5,,,,
158979,2,6,4,,,,
158979,3,6,4,,,,
158980,1,6,3,,,,
158980,2,6,3,,,,
158980,3,7,5,,,,
158981,1,7,6,7,3,1,
158981,2,7,5,,,,
158981,3,7,6,7,3,1,
158982,1,6,3,,,,
158982,2,3,6,,,,
158982,3,6,2,,,,
158982,4,6,4,,,,
158983,1,6,1,,,,
158983,2,6,2,,,,
158983,3,6,7,6,8,,1
158983,4,6,2,,,,
158984,1,6,3,,,,
158984,2,7,5,,,,
158984,3,6,4,,,,
158985,1,6,2,,,,
158985,2,6,2,,,,
158985,3,6,3,,,,
158986,1,6,7,5,7,,1
158986,2,7,5,,,,
158986,3,6,2,,,,
158986,4,6,1,,,,
158987,1,6,3,,,,
158987,2,7,6,7,3,1,
158987,3,7,6,7,5,1,
158988,1,6,3,,,,
158988,2,6,0,,,,
158988,3,6,2,,,,
158989,1,3,6,,,,
158989,2,7,6,7,3,1,
158989,3,7,6,9,7,1,
158989,4,6,2,,,,
158990,1,6,3,,,,
158990,2,6,4,,,,
158990,3,6,7,6,8,,1
158990,4,6,3,,,,
158991,1,6,1,,,,
158991,2,6,4,,,,
158991,3,2,6,,,,
158991,4,6,4,,,,
158992,1,2,6,,,,
158992,2,6,4,,,,
158992,3,6,2,,,,
158992,4,3,6,,,,
158992,5,9,7,,,,
158993,1,7,6,7,4,1,
158993,2,6,3,,,,
158993,3,6,3,,,,
158994,1,6,3,,,,
158994,2,6,7,1,7,,1
158994,3,7,6,7,3,1,
158994,4,7,6,7,4,1,
158995,1,6,3,,,,
158995,2,6,2,,,,
158995,3,3,6,,,,
158995,4,6,3,,,,
161770,1,6,3,,,,
161770,2,6,2,,,,
161770,3,6,4,,,,
161771,1,6,1,,,,
161771,2,3,6,,,,
161771,3,6,3,,,,
161771,4,7,6,7,3,1,
161772,1,1,6,,,,
161772,2,6,4,,,,
161772,3,4,6,,,,
161772,4,6,3,,,,
161772,5,6,3,,,,
161773,1,2,6,,,,
161773,2,6,0,,,,
161773,3,7,6,8,6,1,
161773,4,6,3,,,,
161774,1,7,6,7,5,1,
161774,2,6,4,,,,
161774,3,6,4,,,,
161775,1,6,4,,,,
161775,2,7,5,,,,
161775,3,4,6,,,,
161775,4,6,3,,,,
161776,1,6,4,,,,
161776,2,7,6,7,5,1,
161776,3,7,6,7,3,1,
161777,1,4,6,,,,
161777,2,6,2,,,,
161777,3,6,3,,,,
161777,4,7,6,7,5,1,
161778,1,3,6,,,,
161778,2,6,2,,,,
161778,3,4,6,,,,
161778,4,6,2,,,,
161778,5,10,8,,,,
161779,1,7,6,9,7,1,
161779,2,6,3,,,,
161779,3,6,2,,,,
161780,1,7,6,7,5,1,
161780,2,2,6,,,,
161780,3,6,3,,,,
161780,4,7,5,,,,
161781,1,6,7,3,7,,1
161781,2,3,6,,,,
161781,3,6,4,,,,
161781,4,6,1,,,,
161781,5,6,4,,,,
161782,1,7,5,,,,
161782,2,5,7,,,,
161782,3,6,2,,,,
161782,4,6,4,,,,
161783,1,6,3,,,,
161783,2,1,6,,,,
161783,3,6,0,,,,
161783,4,6,4,,,,
161784,1,6,4,,,,
161784,2,4,6,,,,
161784,3,6,3,,,,
161784,4,6,2,,,,
161785,1,7,6,7,3,1,
161785,2,7,6,7,3,1,
161785,3,6,3,,,,
161786,1,6,1,,,,
161786,2,6,4,,,,
161786,3,6,2,,,,
161787,1,6,2,,,,
161787,2,6,2,,,,
161787,3,7,5,,,,
161788,1,6,1,,,,
161788,2,6,2,,,,
161788,3,7,6,8,6,1,
161789,1,7,6,7,1,1,
161789,2,6,3,,,,
161789,3,6,1,,,,
161790,1,6,4,,,,
161790,2,6,3,,,,
161790,3,6,2,,,,
161791,1,6,3,,,,
161791,2,6,7,5,7,,1
161791,3,2,6,,,,
161791,4,6,4,,,,
161791,5,6,4,,,,
161792,1,6,7,1,7,,1
161792,2,7,5,,,,
161792,3,6,4,,,,
161792,4,1,0,,,,
161793,1,4,6,,,,
161793,2,6,2,,,,
161793,3,6,3,,,,
161793,4,6,4,,,,
161794,1,6,7,2,7,,1
161794,2,6,2,,,,
161794,3,6,0,,,,
161794,4,6,3,,,,
161795,1,6,3,,,,
161795,2,4,6,,,,
161795,3,6,4,,,,
161795,4,6,7,3,7,,1
161795,5,6,4,,,,
161796,1,6,3,,,,
161796,2,6,4,,,,
161796,3,6,4,,,,
161797,1,6,1,,,,
161797,2,6,3,,,,
161797,3,6,4,,,,
161798,1,6,3,,,,
161798,2,6,2,,,,
161798,3,6,2,,,,
161799,1,6,4,,,,
161799,2,6,4,,,,
161799,3,6,3,,,,
161800,1,6,4,,,,
161800,2,7,5,,,,
161800,3,6,4,,,,
161801,1,6,4,,,,
161801,2,7,6,7,1,1,
161801,3,6,2,,,,
161802,1,6,3,,,,
161802,2,7,6,7,1,1,
161802,3,6,3,,,,
161803,1,6,1,,,,
161803,2,6,4,,,,
161803,3,6,2,,,,
161804,1,6,3,,,,
161804,2,3,6,,,,
161804,3,6,2,,,,
161804,4,6,3,,,,
161805,1,6,3,,,,
161805,2,6,3,,,,
161805,3,6,2,,,,
161806,1,6,2,,,,
161806,2,6,2,,,,
161806,3,6,1,,,,
161807,1,7,5,,,,
161807,2,6,7,1,7,,1
161807,3,6,3,,,,
161807,4,6,2,,,,
161808,1,6,3,,,,
161808,2,7,6,7,4,1,
161808,3,6,4,,,,
161809,1,5,7,,,,
161809,2,6,0,,,,
161809,3,1,6,,,,
161809,4,7,6,7,2,1,
161809,5,8,6,,,,
161810,1,7,6,7,5,1,
161810,2,7,5,,,,
161810,3,5,7,,,,
161810,4,6,4,,,,
161811,1,2,6,,,,
161811,2,6,4,,,,
161811,3,7,6,7,2,1,
161811,4,6,7,6,8,,1
161811,5,6,4,,,,
161812,1,6,2,,,,
161812,2,5,7,,,,
161812,3,7,6,9,7,1,
161812,4,3,6,,,,
161812,5,6,2,,,,
161813,1,6,1,,,,
161813,2,6,3,,,,
161813,3,6,1,,,,
161814,1,4,6,,,,
161814,2,6,2,,,,
161814,3,6,7,4,7,,1
161814,4,6,3,,,,
161814,5,6,4,,,,
161815,1,6,4,,,,
161815,2,4,6,,,,
161815,3,3,6,,,,
161815,4,6,3,,,,
161815,5,7,5,,,,
161816,1,7,6,7,2,1,
161816,2,7,5,,,,
161816,3,6,4,,,,
161817,1,6,3,,,,
161817,2,6,2,,,,
161817,3,6,2,,,,
161818,1,6,3,,,,
161818,2,6,4,,,,
161818,3,7,6,7,3,1,
161819,1,6,4,,,,
161819,2,6,7,5,7,,1
161819,3,4,6,,,,
161819,4,7,5,,,,
161819,5,6,3,,,,
161820,1,6,4,,,,
161820,2,7,6,7,5,1,
161820,3,6,4,,,,
161821,1,7,6,8,6,1,
161821,2,6,2,,,,
161821,3,6,4,,,,
161822,1,6,3,,,,
161822,2,6,3,,,,
161822,3,5,7,,,,
161822,4,6,0,,,,
161823,1,6,2,,,,
161823,2,6,7,5,7,,1
161823,3,3,6,,,,
161823,4,6,4,,,,
161823,5,6,4,,,,
161824,1,4,6,,,,
161824,2,6,2,,,,
161824,3,7,5,,,,
161824,4,6,7,4,7,,1
161824,5,6,1,,,,
161825,1,6,2,,,,
161825,2,6,3,,,,
161825,3,6,2,,,,
161826,1,2,3,,,,
161827,1,6,2,,,,
161827,2,6,3,,,,
161827,3,2,6,,,,
161827,4,7,6,7,3,1,
161828,1,7,6,7,2,1,
161828,2,3,6,,,,
161828,3,6,3,,,,
161828,4,6,7,5,7,,1
161828,5,6,3,,,,
161829,1,6,4,,,,
161829,2,6,2,,,,
161829,3,6,4,,,,
161830,1,3,6,,,,
161830,2,6,4,,,,
161830,3,7,5,,,,
161830,4,6,4,,,,
161831,1,5,7,,,,
161831,2,6,3,,,,
161831,3,2,6,,,,
161831,4,6,1,,,,
161831,5,6,4,,,,
161832,1,6,3,,,,
161832,2,3,6,,,,
161832,3,6,3,,,,
161832,4,6,1,,,,
161833,1,6,4,,,,
161833,2,6,2,,,,
161833,3,7,5,,,,
161834,1,6,0,,,,
161834,2,6,1,,,,
161834,3,6,4,,,,
161835,1,6,3,,,,
161835,2,6,2,,,,
161835,3,7,6,7,3,1,
161836,1,6,4,,,,
161836,2,7,6,7,4,1,
161836,3,4,6,,,,
161836,4,6,4,,,,
161837,1,7,6,7,5,1,
161837,2,1,6,,,,
161837,3,7,5,,,,
161837,4,6,1,,,,
161838,1,4,6,,,,
161838,2,4,6,,,,
161838,3,7,6,7,3,1,
161838,4,4,0,,,,
161839,1,6,4,,,,
161839,2,1,6,,,,
161839,3,6,7,3,7,,1
161839,4,6,3,,,,
161839,5,6,3,,,,
161840,1,2,6,,,,
161840,2,1,6,,,,
161840,3,6,3,,,,
161840,4,6,4,,,,
161840,5,6,2,,,,
161841,1,6,4,,,,
161841,2,7,6,7,3,1,
161841,3,6,3,,,,
161842,1,7,6,7,4,1,
161842,2,7,6,7,4,1,
161842,3,6,3,,,,
161843,1,7,6,7,4,1,
161843,2,7,5,,,,
161843,3,7,5,,,,
161844,1,6,7,3,7,,1
161844,2,7,6,7,4,1,
161844,3,6,3,,,,
161844,4,6,4,,,,
161845,1,6,1,,,,
161845,2,6,3,,,,
161845,3,6,3,,,,
161846,1,5,7,,,,
161846,2,6,3,,,,
161846,3,6,4,,,,
161846,4,6,2,,,,
161847,1,7,6,7,5,1,
161847,2,6,2,,,,
161847,3,6,4,,,,
161848,1,6,3,,,,
161848,2,6,4,,,,
161848,3,6,2,,,,
161849,1,4,6,,,,
161849,2,7,5,,,,
161849,3,6,2,,,,
161849,4,7,6,7,0,1,
161850,1,7,6,7,0,1,
161850,2,6,2,,,,
161850,3,6,2,,,,
161851,1,6,4,,,,
161851,2,4,6,,,,
161851,3,6,4,,,,
161851,4,6,0,,,,
161852,1,6,7,5,7,,1
161852,2,6,4,,,,
161852,3,7,6,8,6,1,
161852,4,7,6,7,5,1,
161853,1,3,6,,,,
161853,2,6,3,,,,
161853,3,7,5,,,,
161853,4,3,6,,,,
161853,5,6,1,,,,
161854,1,6,2,,,,
161854,2,6,2,,,,
161854,3,7,6,7,3,1,
161855,1,6,2,,,,
161855,2,6,3,,,,
161855,3,7,5,,,,
161856,1,7,6,7,2,1,
161856,2,5,7,,,,
161856,3,7,5,,,,
161856,4,6,3,,,,
161857,1,6,2,,,,
161857,2,3,6,,,,
161857,3,6,7,2,7,,1
161857,4,6,3,,,,
161857,5,7,5,,,,
161858,1,6,1,,,,
161858,2,6,3,,,,
161858,3,6,2,,,,
161859,1,4,6,,,,
161859,2,7,6,7,4,1,
161859,3,6,4,,,,
161859,4,1,0,,,,
161860,1,6,1,,,,
161860,2,6,4,,,,
161860,3,4,6,,,,
161860,4,6,0,,,,
161861,1,6,3,,,,
161861,2,6,7,10,12,,1
161861,3,6,3,,,,
161861,4,6,3,,,,
161862,1,1,6,,,,
161862,2,6,3,,,,
161862,3,6,4,,,,
161862,4,1,6,,,,
161862,5,6,3,,,,
161863,1,7,6,7,4,1,
161863,2,6,4,,,,
161863,3,5,7,,,,
161863,4,6,4,,,,
161864,1,7,5,,,,
161864,2,3,6,,,,
161864,3,6,2,,,,
161864,4,6,1,,,,
161865,1,3,6,,,,
161865,2,6,3,,,,
161865,3,6,2,,,,
161865,4,6,2,,,,
161866,1,7,6,10,8,1,
161866,2,6,3,,,,
161866,3,6,4,,,,
161867,1,7,6,7,4,1,
161867,2,7,6,8,6,1,
161867,3,6,4,,,,
161868,1,7,6,8,6,1,
161868,2,6,4,,,,
161868,3,7,6,7,3,1,
161869,1,6,4,,,,
161869,2,6,3,,,,
161869,3,6,3,,,,
161870,1,6,4,,,,
161870,2,6,2,,,,
161870,3,6,4,,,,
161871,1,6,2,,,,
161871,2,6,4,,,,
161871,3,6,4,,,,
161872,1,6,2,,,,
161872,2,7,5,,,,
161872,3,5,7,,,,
161872,4,7,6,7,4,1,
161873,1,6,7,7,9,,1
161873,2,6,1,,,,
161873,3,6,2,,,,
161873,4,6,3,,,,
161874,1,6,4,,,,
161874,2,6,3,,,,
161874,3,6,4,,,,
161875,1,6,4,,,,
161875,2,7,6,10,8,1,
161875,3,6,3,,,,
161876,1,6,4,,,,
161876,2,7,6,7,3,1,
161876,3,7,6,8,6,1,
161877,1,6,1,,,,
161877,2,6,0,,,,
161877,3,7,5,,,,
161878,1,6,1,,,,
161878,2,6,1,,,,
161878,3,7,5,,,,
161879,1,4,6,,,,
161879,2,6,3,,,,
161879,3,3,6,,,,
161879,4,6,3,,,,
161879,5,6,3,,,,
161880,1,6,3,,,,
161880,2,7,6,8,6,1,
161880,3,6,1,,,,
161881,1,6,4,,,,
161881,2,7,6,7,5,1,
161881,3,4,6,,,,
161881,4,7,6,7,5,1,
161882,1,6,4,,,,
161882,2,7,5,,,,
161882,3,7,5,,,,
161883,1,6,4,,,,
161883,2,4,6,,,,
161883,3,6,3,,,,
161883,4,6,7,7,9,,1
161883,5,6,3,,,,
161884,1,7,6,7,2,1,
161884,2,6,4,,,,
161884,3,4,6,,,,
161884,4,7,6,10,8,1,
161885,1,6,3,,,,
161885,2,6,3,,,,
161885,3,6,3,,,,
161886,1,6,2,,,,
161886,2,7,6,7,3,1,
161886,3,6,2,,,,
161887,1,7,5,,,,
161887,2,6,1,,,,
161887,3,6,4,,,,
161888,1,6,4,,,,
161888,2,6,7,5,7,,1
161888,3,6,3,,,,
161888,4,7,5,,,,
161889,1,5,7,,,,
161889,2,4,6,,,,
161889,3,6,3,,,,
161889,4,7,6,7,5,1,
161889,5,8,6,,,,
161890,1,7,6,7,5,1,
161890,2,6,4,,,,
161890,3,6,2,,,,
161891,1,6,3,,,,
161891,2,6,4,,,,
161891,3,7,6,8,6,1,
161892,1,6,2,,,,
161892,2,6,0,,,,
161892,3,7,6,7,5,1,
161893,1,6,3,,,,
161893,2,7,6,7,5,1,
161893,3,6,3,,,,
161894,1,7,6,7,1,1,
161894,2,3,6,,,,
161894,3,6,4,,,,
161894,4,4,6,,,,
161894,5,6,0,,,,
161895,1,6,7,6,8,,1
161895,2,6,0,,,,
161895,3,6,3,,,,
161895,4,7,5,,,,
161896,1,7,6,7,5,1,
161896,2,6,7,4,7,,1
161896,3,6,3,,,,
161896,4,6,0,,,,
164713,1,6,3,,,,
164713,2,6,2,,,,
164713,3,6,4,,,,
164714,1,6,4,,,,
164714,2,6,7,,,,1
164714,3,6,4,,,,
164714,4,7,5,,,,
164715,1,6,2,,,,
164715,2,6,1,,,,
164716,1,3,6,,,,
164716,2,7,6,,,1,
164716,3,6,4,,,,
164716,4,7,6,,,1,
164717,1,7,6,,,1,
164717,2,6,4,,,,
164717,3,2,1,,,,
164718,1,7,6,,,1,
164718,2,2,6,,,,
164718,3,1,6,,,,
164718,4,6,4,,,,
164718,5,6,4,,,,
164719,1,6,4,,,,
164719,2,3,6,,,,
164719,3,6,1,,,,
164719,4,6,4,,,,
164720,1,6,7,,,,1
164720,2,6,3,,,,
164720,3,6,2,,,,
164720,4,6,4,,,,
164721,1,6,4,,,,
164721,2,4,6,,,,
164721,3,6,4,,,,
164721,4,6,2,,,,
164722,1,6,4,,,,
164722,2,3,6,,,,
164722,3,6,0,,,,
164722,4,6,4,,,,
164723,1,5,7,,,,
164723,2,6,4,,,,
164723,3,7,6,,,1,
164723,4,6,2,,,,
164724,1,7,6,,,1,
164724,2,7,6,,,1,
164724,3,7,6,,,1,
164725,1,6,4,,,,
164725,2,6,4,,,,
164725,3,6,4,,,,
164726,1,6,4,,,,
164726,2,7,6,,,1,
164726,3,4,6,,,,
164726,4,6,1,,,,
164727,1,6,4,,,,
164727,2,6,1,,,,
164727,3,6,3,,,,
164728,1,6,4,,,,
164728,2,6,3,,,,
164728,3,6,3,,,,
164729,1,6,2,,,,
164729,2,6,1,,,,
164729,3,6,2,,,,
164730,1,6,1,,,,
164730,2,3,6,,,,
164730,3,6,4,,,,
164730,4,6,2,,,,
164731,1,6,4,,,,
164731,2,7,6,,,1,
164731,3,7,5,,,,
164732,1,6,3,,,,
164732,2,7,6,,,1,
164732,3,6,3,,,,
164733,1,6,2,,,,
164733,2,7,6,,,1,
164733,3,4,6,,,,
164733,4,7,6,,,1,
164734,1,6,3,,,,
164734,2,6,7,,,,1
164734,3,6,3,,,,
164734,4,7,6,,,1,
164735,1,1,6,,,,
164735,2,7,6,,,1,
164735,3,4,6,,,,
164735,4,6,3,,,,
164735,5,6,1,,,,
164736,1,3,6,,,,
164736,2,6,3,,,,
164736,3,6,4,,,,
164736,4,6,4,,,,
164737,1,6,7,,,,1
164737,2,7,5,,,,
164737,3,6,2,,,,
164737,4,6,4,,,,
164738,1,6,2,,,,
164738,2,6,2,,,,
164738,3,6,3,,,,
164739,1,6,7,,,,1
164739,2,4,6,,,,
164739,3,6,4,,,,
164739,4,6,2,,,,
164740,1,6,2,,,,
164740,2,6,3,,,,
164740,3,4,6,,,,
164740,4,2,6,,,,
164740,5,6,2,,,,
164741,1,6,2,,,,
164741,2,7,5,,,,
164741,3,6,2,,,,
164742,1,7,6,,,1,
164742,2,6,1,,,,
164742,3,6,4,,,,
164743,1,7,6,,,1,
164743,2,6,4,,,,
164743,3,6,4,,,,
164744,1,7,5,,,,
164744,2,6,1,,,,
164744,3,6,2,,,,
164745,1,7,6,,,1,
164745,2,4,6,,,,
164745,3,3,6,,,,
164745,4,7,6,,,1,
164745,5,6,2,,,,
164746,1,6,1,,,,
164746,2,6,3,,,,
164746,3,2,6,,,,
164746,4,6,2,,,,
164747,1,7,5,,,,
164747,2,6,4,,,,
164747,3,6,4,,,,
164748,1,7,5,,,,
164748,2,2,6,,,,
164748,3,6,7,,,,1
164748,4,6,3,,,,
164748,5,13,11,,,,
164749,1,6,1,,,,
164749,2,6,3,,,,
164749,3,6,2,,,,
164750,1,4,6,,,,
164750,2,6,2,,,,
164750,3,6,2,,,,
164750,4,6,2,,,,
164751,1,6,2,,,,
164751,2,6,2,,,,
164751,3,6,2,,,,
164752,1,7,6,,,1,
164752,2,6,7,,,,1
164752,3,6,3,,,,
164752,4,3,0,,,,
164753,1,6,1,,,,
164753,2,6,4,,,,
164753,3,6,4,,,,
164754,1,7,5,,,,
164754,2,3,6,,,,
164754,3,4,6,,,,
164754,4,7,6,,,1,
164754,5,8,6,,,,
164755,1,6,1,,,,
164755,2,3,6,,,,
164755,3,6,3,,,,
164755,4,6,2,,,,
164756,1,4,6,,,,
164756,2,4,6,,,,
164756,3,6,1,,,,
164756,4,7,6,,,1,
164756,5,6,3,,,,
164757,1,6,4,,,,
164757,2,3,6,,,,
164757,3,0,6,,,,
164757,4,6,3,,,,
164757,5,6,4,,,,
164758,1,7,6,,,1,
164758,2,7,5,,,,
164758,3,5,7,,,,
164758,4,6,7,,,,1
164758,5,6,1,,,,
164759,1,6,4,,,,
164759,2,6,3,,,,
164759,3,6,7,,,,1
164759,4,6,2,,,,
164760,1,7,6,,,1,
164760,2,6,3,,,,
164761,1,6,4,,,,
164761,2,6,4,,,,
164761,3,6,2,,,,
164762,1,7,6,,,1,
164762,2,6,2,,,,
164762,3,6,4,,,,
164763,1,6,2,,,,
164763,2,6,3,,,,
164763,3,6,2,,,,
164764,1,6,3,,,,
164764,2,6,4,,,,
164764,3,7,6,,,1,
164765,1,6,1,,,,
164765,2,6,0,,,,
164765,3,6,4,,,,
164766,1,2,6,,,,
164766,2,3,6,,,,
164766,3,6,3,,,,
164766,4,7,5,,,,
164766,5,6,1,,,,
164767,1,6,2,,,,
164767,2,4,6,,,,
164767,3,6,1,,,,
164767,4,6,4,,,,
164768,1,6,3,,,,
164768,2,7,6,,,1,
164768,3,6,3,,,,
164769,1,6,7,,,,1
164769,2,6,4,,,,
164769,3,6,4,,,,
164769,4,6,4,,,,
164770,1,7,6,,,1,
164770,2,7,6,,,1,
164770,3,6,7,,,,1
164770,4,7,6,,,1,
164771,1,3,6,,,,
164771,2,5,7,,,,
164771,3,7,6,,,1,
164771,4,5,0,,,,
164772,1,7,6,,,1,
164772,2,7,6,,,1,
164772,3,6,7,,,,1
164772,4,7,6,,,1,
164773,1,6,3,,,,
164773,2,6,4,,,,
164773,3,6,3,,,,
164774,1,6,4,,,,
164774,2,1,6,,,,
164774,3,6,3,,,,
164774,4,6,2,,,,
164775,1,7,6,,,1,
164775,2,6,4,,,,
164775,3,3,6,,,,
164775,4,6,3,,,,
164776,1,6,1,,,,
164776,2,6,2,,,,
164776,3,6,3,,,,
164777,1,6,1,,,,
164777,2,6,2,,,,
164777,3,7,6,,,1,
164778,1,7,5,,,,
164778,2,6,4,,,,
164778,3,6,4,,,,
164779,1,7,6,,,1,
164779,2,3,6,,,,
164779,3,6,7,,,,1
164779,4,7,5,,,,
164779,5,6,2,,,,
164780,1,6,3,,,,
164780,2,5,7,,,,
164780,3,7,6,,,1,
164780,4,4,6,,,,
164780,5,7,5,,,,
164781,1,7,5,,,,
164781,2,6,1,,,,
164781,3,6,4,,,,
164782,1,6,3,,,,
164782,2,6,4,,,,
164782,3,6,0,,,,
164783,1,4,6,,,,
164783,2,6,1,,,,
164783,3,7,6,,,1,
164783,4,6,3,,,,
164784,1,6,3,,,,
164784,2,7,6,,,1,
164784,3,6,3,,,,
164785,1,6,3,,,,
164785,2,7,5,,,,
164785,3,6,1,,,,
164786,1,6,3,,,,
164786,2,4,6,,,,
164786,3,6,2,,,,
164786,4,7,5,,,,
164787,1,6,3,,,,
164787,2,6,1,,,,
164787,3,6,3,,,,
164788,1,6,4,,,,
164788,2,0,6,,,,
164788,3,6,4,,,,
164788,4,6,2,,,,
164789,1,6,4,,,,
164789,2,6,3,,,,
164789,3,7,6,,,1,
164790,1,4,6,,,,
164790,2,6,2,,,,
164790,3,4,6,,,,
164790,4,6,2,,,,
164790,5,6,1,,,,
164791,1,6,4,,,,
164791,2,7,5,,,,
164791,3,7,6,,,1,
164792,1,6,4,,,,
164792,2,6,0,,,,
164792,3,6,3,,,,
164793,1,4,6,,,,
164793,2,6,3,,,,
164793,3,6,3,,,,
164793,4,7,6,,,1,
164794,1,6,4,,,,
164794,2,7,6,,,1,
164794,3,7,6,,,1,
164795,1,7,5,,,,
164795,2,6,4,,,,
164795,3,6,1,,,,
164796,1,6,1,,,,
164796,2,6,7,,,,1
164796,3,4,6,,,,
164796,4,7,5,,,,
164796,5,7,5,,,,
164797,1,7,6,,,1,
164797,2,7,6,,,1,
164797,3,7,5,,,,
164798,1,6,4,,,,
164798,2,7,6,,,1,
164798,3,7,6,,,1,
164799,1,7,6,,,1,
164799,2,7,6,,,1,
164799,3,6,3,,,,
164800,1,6,2,,,,
164800,2,6,3,,,,
164800,3,6,4,,,,
164801,1,6,2,,,,
164801,2,6,4,,,,
164801,3,6,4,,,,
164802,1,6,3,,,,
164802,2,6,2,,,,
164802,3,6,2,,,,
164803,1,7,6,,,1,
164803,2,6,7,,,,1
164803,3,7,6,,,1,
164803,4,6,7,,,,1
164803,5,6,4,,,,
164804,1,6,3,,,,
164804,2,7,6,,,1,
164804,3,7,6,,,1,
164805,1,6,4,,,,
164805,2,6,2,,,,
164805,3,6,7,,,,1
164805,4,7,5,,,,
164806,1,4,6,,,,
164806,2,6,4,,,,
164806,3,6,2,,,,
164806,4,4,6,,,,
164806,5,7,5,,,,
164807,1,6,3,,,,
164807,2,7,5,,,,
164807,3,3,6,,,,
164807,4,6,1,,,,
164808,1,6,0,,,,
164808,2,6,4,,,,
164808,3,6,1,,,,
164809,1,6,1,,,,
164809,2,7,5,,,,
164809,3,7,6,,,1,
164810,1,6,3,,,,
164810,2,6,2,,,,
164810,3,6,1,,,,
164811,1,6,4,,,,
164811,2,7,6,,,1,
164811,3,7,6,,,1,
164812,1,7,5,,,,
164812,2,2,6,,,,
164812,3,6,3,,,,
164812,4,6,4,,,,
164813,1,6,4,,,,
164813,2,3,6,,,,
164813,3,6,1,,,,
164813,4,6,4,,,,
164814,1,6,1,,,,
164814,2,3,6,,,,
164814,3,7,6,,,1,
164814,4,7,5,,,,
164815,1,6,4,,,,
164815,2,7,6,,,1,
164815,3,7,5,,,,
164816,1,6,3,,,,
164816,2,6,4,,,,
164816,3,1,6,,,,
164816,4,6,4,,,,
164817,1,7,5,,,,
164817,2,3,6,,,,
164817,3,6,1,,,,
164817,4,7,6,,,1,
164818,1,7,5,,,,
164818,2,6,3,,,,
164818,3,6,2,,,,
164819,1,6,2,,,,
164819,2,6,3,,,,
164819,3,6,4,,,,
164820,1,6,2,,,,
164820,2,6,3,,,,
164820,3,7,6,,,1,
164821,1,6,1,,,,
164821,2,6,4,,,,
164821,3,6,4,,,,
164822,1,6,7,,,,1
164822,2,7,6,,,1,
164822,3,6,2,,,,
164822,4,6,4,,,,
164823,1,6,4,,,,
164823,2,7,6,,,1,
164823,3,6,2,,,,
164824,1,6,2,,,,
164824,2,3,6,,,,
164824,3,6,2,,,,
164824,4,6,2,,,,
164825,1,6,3,,,,
164825,2,6,7,,,,1
164825,3,6,4,,,,
164825,4,4,6,,,,
164825,5,6,3,,,,
164826,1,6,4,,,,
164826,2,6,2,,,,
164826,3,6,4,,,,
164827,1,6,2,,,,
164827,2,6,1,,,,
164827,3,6,4,,,,
164828,1,4,6,,,,
164828,2,6,4,,,,
164828,3,6,3,,,,
164828,4,1,6,,,,
164828,5,6,3,,,,
164829,1,7,5,,,,
164829,2,3,6,,,,
164829,3,6,3,,,,
164829,4,7,6,,,1,
164830,1,6,4,,,,
164830,2,6,3,,,,
164830,3,5,7,,,,
164830,4,4,6,,,,
164830,5,6,3,,,,
164831,1,6,4,,,,
164831,2,6,4,,,,
164831,3,7,5,,,,
164832,1,6,4,,,,
164832,2,6,4,,,,
164832,3,7,6,,,1,
164833,1,6,3,,,,
164833,2,6,2,,,,
164833,3,6,4,,,,
164834,1,7,6,,,1,
164834,2,6,2,,,,
164834,3,6,4,,,,
164835,1,6,3,,,,
164835,2,3,6,,,,
164835,3,6,3,,,,
164835,4,6,4,,,,
164836,1,6,3,,,,
164836,2,6,7,,,,1
164836,3,6,2,,,,
164836,4,6,3,,,,
164837,1,6,1,,,,
164837,2,6,2,,,,
164837,3,3,6,,,,
164837,4,6,3,,,,
164838,1,4,6,,,,
164838,2,7,5,,,,
164838,3,6,7,,,,1
164838,4,6,4,,,,
164838,5,6,2,,,,
164839,1,6,1,,,,
164839,2,7,5,,,,
164839,3,7,6,,,1,
167654,1,7,5,,,,
167654,2,7,6,7,5,1,
167654,3,6,2,,,,
167655,1,4,6,,,,
167655,2,6,3,,,,
167655,3,7,6,7,0,1,
167655,4,6,3,,,,
167656,1,5,7,,,,
167656,2,6,3,,,,
167656,3,2,6,,,,
167656,4,7,6,7,2,1,
167656,5,6,1,,,,
167657,1,6,7,10,12,,1
167657,2,7,6,7,4,1,
167657,3,6,3,,,,
167657,4,6,4,,,,
167658,1,6,3,,,,
167658,2,6,4,,,,
167658,3,6,7,5,7,,1
167658,4,6,1,,,,
167659,1,6,3,,,,
167659,2,7,6,7,5,1,
167659,3,6,4,,,,
167660,1,6,3,,,,
167660,2,6,4,,,,
167660,3,6,3,,,,
167661,1,6,0,,,,
167661,2,3,6,,,,
167661,3,6,3,,,,
167661,4,6,4,,,,
167662,1,6,1,,,,
167663,1,6,3,,,,
167663,2,6,4,,,,
167663,3,6,2,,,,
167664,1,6,7,4,7,,1
167664,2,7,5,,,,
167664,3,3,6,,,,
167664,4,6,2,,,,
167664,5,6,2,,,,
167665,1,7,5,,,,
167665,2,3,6,,,,
167665,3,6,2,,,,
167665,4,6,2,,,,
167666,1,4,6,,,,
167666,2,7,5,,,,
167666,3,1,6,,,,
167666,4,6,4,,,,
167666,5,6,3,,,,
167667,1,5,7,,,,
167667,2,6,3,,,,
167667,3,6,2,,,,
167667,4,6,0,,,,
167668,1,4,0,,,,
167669,1,5,7,,,,
167669,2,6,1,,,,
167669,3,6,4,,,,
167669,4,6,7,6,8,,1
167669,5,6,2,,,,
167670,1,4,6,,,,
167670,2,6,4,,,,
167670,3,7,5,,,,
167670,4,4,6,,,,
167670,5,6,4,,,,
167671,1,6,3,,,,
167671,2,6,4,,,,
167671,3,6,4,,,,
167672,1,6,4,,,,
167672,2,7,6,7,4,1,
167672,3,6,7,4,7,,1
167672,4,6,4,,,,
167673,1,6,4,,,,
167673,2,6,4,,,,
167673,3,2,6,,,,
167673,4,2,6,,,,
167673,5,6,3,,,,
167674,1,6,3,,,,
167674,2,6,3,,,,
167674,3,6,0,,,,
167675,1,3,6,,,,
167675,2,6,3,,,,
167675,3,6,2,,,,
167675,4,6,2,,,,
167676,1,6,4,,,,
167676,2,7,6,7,4,1,
167676,3,6,7,3,7,,1
167676,4,7,5,,,,
167677,1,6,1,,,,
167677,2,6,2,,,,
167677,3,6,2,,,,
167678,1,6,1,,,,
167678,2,6,3,,,,
167678,3,6,7,5,7,,1
167678,4,6,2,,,,
167679,1,6,3,,,,
167679,2,6,3,,,,
167679,3,6,3,,,,
167680,1,6,4,,,,
167680,2,3,6,,,,
167680,3,7,6,11,9,1,
167680,4,6,3,,,,
167681,1,6,4,,,,
167681,2,7,6,7,4,1,
167681,3,6,3,,,,
167682,1,6,2,,,,
167682,2,6,1,,,,
167682,3,6,4,,,,
167683,1,7,6,9,7,1,
167683,2,7,5,,,,
167683,3,0,6,,,,
167683,4,6,3,,,,
167684,1,7,6,10,8,1,
167684,2,6,3,,,,
167684,3,6,1,,,,
167685,1,4,6,,,,
167685,2,4,6,,,,
167685,3,6,2,,,,
167685,4,6,2,,,,
167685,5,6,3,,,,
167686,1,6,2,,,,
167686,2,6,3,,,,
167686,3,6,2,,,,
167687,1,6,3,,,,
167687,2,6,4,,,,
167687,3,3,6,,,,
167687,4,7,6,9,7,1,
167688,1,6,4,,,,
167688,2,7,6,7,1,1,
167688,3,6,4,,,,
167689,1,6,4,,,,
167689,2,3,6,,,,
167689,3,7,6,7,2,1,
167689,4,6,4,,,,
167690,1,6,2,,,,
167690,2,3,6,,,,
167690,3,5,7,,,,
167690,4,6,3,,,,
167690,5,6,2,,,,
167691,1,6,1,,,,
167691,2,6,7,3,7,,1
167691,3,6,3,,,,
167691,4,6,2,,,,
167692,1,6,3,,,,
167692,2,3,0,,,,
167693,1,6,3,,,,
167693,2,6,4,,,,
167693,3,6,4,,,,
167694,1,6,3,,,,
167694,2,6,1,,,,
167694,3,6,1,,,,
167695,1,6,4,,,,
167695,2,1,6,,,,
167695,3,6,2,,,,
167695,4,6,4,,,,
167696,1,7,5,,,,
167696,2,4,6,,,,
167696,3,7,6,7,5,1,
167696,4,6,1,,,,
167697,1,6,3,,,,
167697,2,6,0,,,,
167697,3,6,2,,,,
167698,1,6,1,,,,
167698,2,6,3,,,,
167698,3,6,3,,,,
167699,1,3,6,,,,
167699,2,0,6,,,,
167699,3,6,1,,,,
167699,4,6,4,,,,
167699,5,6,4,,,,
167700,1,7,6,8,6,1,
167700,2,7,6,7,5,1,
167700,3,6,3,,,,
167701,1,6,3,,,,
167701,2,6,4,,,,
167701,3,6,2,,,,
167702,1,4,6,,,,
167702,2,6,4,,,,
167702,3,6,4,,,,
167702,4,6,3,,,,
167703,1,6,7,2,7,,1
167703,2,4,6,,,,
167703,3,6,3,,,,
167703,4,6,2,,,,
167703,5,6,1,,,,
167704,1,7,6,7,2,1,
167704,2,6,4,,,,
167705,1,7,5,,,,
167705,2,6,3,,,,
167705,3,7,5,,,,
167706,1,6,7,6,8,,1
167706,2,3,6,,,,
167706,3,7,5,,,,
167706,4,6,2,,,,
167706,5,22,20,,,,
167707,1,6,4,,,,
167707,2,4,6,,,,
167707,3,6,2,,,,
167707,4,6,3,,,,
167708,1,6,2,,,,
167708,2,7,6,7,1,1,
167708,3,6,3,,,,
167709,1,6,4,,,,
167709,2,4,6,,,,
167709,3,6,2,,,,
167709,4,4,6,,,,
167709,5,6,4,,,,
167710,1,7,6,7,2,1,
167710,2,6,3,,,,
167710,3,6,3,,,,
167711,1,6,2,,,,
167711,2,6,3,,,,
167711,3,6,2,,,,
167712,1,6,4,,,,
167712,2,7,6,7,4,1,
167712,3,5,7,,,,
167712,4,7,6,10,8,1,
167713,1,6,4,,,,
167713,2,6,4,,,,
167713,3,6,2,,,,
167714,1,6,0,,,,
167714,2,3,6,,,,
167714,3,3,6,,,,
167714,4,6,2,,,,
167714,5,3,0,,,,
167715,1,6,2,,,,
167715,2,7,5,,,,
167715,3,6,3,,,,
167716,1,6,1,,,,
167716,2,6,4,,,,
167716,3,3,6,,,,
167716,4,7,5,,,,
167717,1,6,1,,,,
167717,2,7,6,7,4,1,
167717,3,6,2,,,,
167718,1,6,3,,,,
167718,2,6,0,,,,
167718,3,6,2,,,,
167719,1,7,6,7,5,1,
167719,2,6,0,,,,
167719,3,6,1,,,,
167720,1,6,7,4,7,,1
167720,2,6,7,4,7,,1
167720,3,6,4,,,,
167720,4,7,6,9,7,1,
167720,5,9,7,,,,
167721,1,6,2,,,,
167721,2,6,3,,,,
167721,3,7,5,,,,
167722,1,6,3,,,,
167722,2,7,6,8,6,1,
167722,3,6,2,,,,
167723,1,7,5,,,,
167723,2,6,3,,,,
167723,3,7,6,7,3,1,
167724,1,2,6,,,,
167724,2,6,3,,,,
167724,3,6,2,,,,
167724,4,6,4,,,,
167725,1,6,3,,,,
167725,2,6,4,,,,
167725,3,6,3,,,,
167726,1,6,3,,,,
167726,2,6,4,,,,
167726,3,6,4,,,,
167727,1,6,3,,,,
167727,2,1,6,,,,
167727,3,7,6,7,3,1,
167727,4,3,6,,,,
167727,5,6,3,,,,
167728,1,6,3,,,,
167728,2,6,3,,,,
167728,3,2,6,,,,
167728,4,6,4,,,,
167729,1,1,6,,,,
167729,2,6,7,1,7,,1
167729,3,6,4,,,,
167729,4,6,2,,,,
167729,5,10,8,,,,
167730,1,6,2,,,,
167730,2,6,2,,,,
167730,3,6,3,,,,
167731,1,6,3,,,,
167731,2,6,4,,,,
167731,3,6,4,,,,
167732,1,7,5,,,,
167732,2,7,6,7,4,1,
167732,3,4,6,,,,
167732,4,7,6,7,5,1,
167733,1,3,6,,,,
167733,2,7,5,,,,
167733,3,6,3,,,,
167733,4,6,3,,,,
167734,1,6,3,,,,
167734,2,6,4,,,,
167734,3,1,6,,,,
167734,4,6,0,,,,
167735,1,7,5,,,,
167735,2,6,3,,,,
167735,3,6,0,,,,
167736,1,6,2,,,,
167736,2,6,3,,,,
167736,3,6,4,,,,
167737,1,6,3,,,,
167737,2,6,1,,,,
167737,3,6,3,,,,
167738,1,6,2,,,,
167738,2,6,3,,,,
167738,3,6,3,,,,
167739,1,2,6,,,,
167739,2,6,4,,,,
167739,3,6,4,,,,
167739,4,6,2,,,,
167740,1,6,4,,,,
167740,2,6,1,,,,
167740,3,6,1,,,,
167741,1,6,3,,,,
167741,2,6,4,,,,
167741,3,7,6,7,4,1,
167742,1,6,2,,,,
167742,2,6,1,,,,
167742,3,6,7,6,8,,1
167742,4,6,4,,,,
167743,1,7,6,7,3,1,
167743,2,4,6,,,,
167743,3,6,3,,,,
167743,4,3,6,,,,
167743,5,6,3,,,,
167744,1,6,4,,,,
167744,2,6,4,,,,
167744,3,6,4,,,,
167745,1,6,4,,,,
167745,2,6,0,,,,
167745,3,6,3,,,,
167746,1,1,6,,,,
167746,2,6,4,,,,
167746,3,6,4,,,,
167746,4,6,4,,,,
167747,1,6,1,,,,
167747,2,6,1,,,,
167747,3,6,1,,,,
167748,1,6,2,,,,
167748,2,6,4,,,,
167748,3,6,2,,,,
167749,1,7,6,10,8,1,
167749,2,5,7,,,,
167749,3,2,6,,,,
167749,4,7,6,7,5,1,
167749,5,6,4,,,,
167750,1,6,4,,,,
167750,2,6,2,,,,
167750,3,6,4,,,,
167751,1,6,1,,,,
167751,2,4,6,,,,
167751,3,6,3,,,,
167751,4,6,0,,,,
167752,1,6,2,,,,
167752,2,6,4,,,,
167752,3,6,4,,,,
167753,1,6,4,,,,
167753,2,6,4,,,,
167753,3,6,4,,,,
167754,1,3,6,,,,
167754,2,6,2,,,,
167754,3,6,2,,,,
167754,4,7,6,9,7,1,
167755,1,4,6,,,,
167755,2,6,4,,,,
167755,3,7,6,7,1,1,
167755,4,7,6,7,2,1,
167756,1,7,6,7,4,1,
167756,2,7,5,,,,
167756,3,6,7,8,10,,1
167756,4,6,3,,,,
167757,1,7,5,,,,
167757,2,7,6,7,2,1,
167757,3,7,6,7,3,1,
167758,1,6,3,,,,
167758,2,7,6,7,1,1,
167758,3,6,4,,,,
167759,1,4,6,,,,
167759,2,6,3,,,,
167759,3,6,7,5,7,,1
167759,4,6,3,,,,
167759,5,6,2,,,,
167760,1,7,5,,,,
167760,2,6,7,6,8,,1
167760,3,7,6,7,3,1,
167760,4,6,4,,,,
167761,1,6,2,,,,
167761,2,7,6,7,5,1,
167761,3,3,6,,,,
167761,4,6,3,,,,
167762,1,6,1,,,,
167762,2,4,6,,,,
167762,3,6,4,,,,
167762,4,6,4,,,,
167763,1,6,3,,,,
167763,2,6,2,,,,
167763,3,6,4,,,,
167764,1,6,3,,,,
167764,2,6,2,,,,
167764,3,6,4,,,,
167765,1,6,4,,,,
167765,2,4,6,,,,
167765,3,6,4,,,,
167765,4,4,6,,,,
167765,5,6,2,,,,
167766,1,7,5,,,,
167766,2,5,7,,,,
167766,3,6,2,,,,
167766,4,6,4,,,,
167767,1,6,7,4,7,,1
167767,2,6,4,,,,
167767,3,6,1,,,,
167767,4,4,6,,,,
167767,5,6,3,,,,
167768,1,7,6,7,2,1,
167768,2,7,6,7,4,1,
167768,3,7,6,7,4,1,
167769,1,6,7,4,7,,1
167769,2,6,2,,,,
167769,3,6,4,,,,
167769,4,6,4,,,,
167770,1,6,3,,,,
167770,2,6,3,,,,
167770,3,4,6,,,,
167770,4,6,4,,,,
167771,1,7,6,8,6,1,
167771,2,3,6,,,,
167771,3,6,4,,,,
167771,4,6,1,,,,
167772,1,5,7,,,,
167772,2,7,6,7,4,1,
167772,3,6,2,,,,
167772,4,6,2,,,,
167773,1,2,6,,,,
167773,2,7,6,7,2,1,
167773,3,6,2,,,,
167773,4,6,1,,,,
167774,1,6,1,,,,
167774,2,7,5,,,,
167774,3,6,2,,,,
167775,1,7,6,7,2,1,
167775,2,6,4,,,,
167775,3,6,3,,,,
167776,1,6,4,,,,
167776,2,7,6,9,7,1,
167776,3,6,4,,,,
167777,1,6,3,,,,
167777,2,6,2,,,,
167777,3,6,4,,,,
167778,1,7,5,,,,
167778,2,6,3,,,,
167778,3,1,6,,,,
167778,4,4,6,,,,
167778,5,6,3,,,,
167779,1,6,3,,,,
167779,2,5,7,,,,
167779,3,7,6,7,5,1,
167779,4,6,7,4,7,,1
167779,5,6,4,,,,
167780,1,6,4,,,,
167780,2,3,6,,,,
167780,3,6,1,,,,
167780,4,3,6,,,,
167780,5,6,3,,,,
170540,1,6,1,,,,
170540,2,6,1,,,,
170540,3,6,1,,,,
170541,1,6,2,,,,
170541,2,7,6,7,1,1,
170541,3,6,3,,,,
170542,1,7,5,,,,
170542,2,6,4,,,,
170542,3,6,1,,,,
170543,1,3,6,,,,
170543,2,2,6,,,,
170543,3,7,6,7,5,1,
170543,4,6,2,,,,
170543,5,6,4,,,,
170544,1,2,6,,,,
170544,2,6,3,,,,
170544,3,5,7,,,,
170544,4,6,4,,,,
170544,5,11,9,,,,
170545,1,6,3,,,,
170545,2,3,6,,,,
170545,3,6,7,5,7,,1
170545,4,7,5,,,,
170545,5,11,9,,,,
170546,1,7,6,7,3,1,
170546,2,6,3,,,,
170546,3,6,4,,,,
170547,1,6,4,,,,
170547,2,3,6,,,,
170547,3,6,3,,,,
170547,4,6,3,,,,
170548,1,7,5,,,,
170548,2,4,6,,,,
170548,3,7,5,,,,
170548,4,6,1,,,,
170549,1,7,5,,,,
170549,2,6,4,,,,
170549,3,6,3,,,,
170550,1,6,7,2,7,,1
170550,2,3,6,,,,
170550,3,6,3,,,,
170550,4,7,5,,,,
170550,5,6,3,,,,
170551,1,7,5,,,,
170551,2,6,4,,,,
170551,3,6,3,,,,
170552,1,7,6,9,7,1,
170552,2,6,3,,,,
170552,3,7,5,,,,
170553,1,6,3,,,,
170553,2,5,7,,,,
170553,3,3,6,,,,
170553,4,7,5,,,,
170553,5,6,2,,,,
170554,1,6,4,,,,
170554,2,6,3,,,,
170554,3,4,6,,,,
170554,4,6,7,4,7,,1
170554,5,6,1,,,,
170555,1,6,2,,,,
170555,2,6,2,,,,
170555,3,4,6,,,,
170555,4,7,6,7,5,1,
170556,1,6,3,,,,
170556,2,6,2,,,,
170556,3,6,1,,,,
170557,1,6,4,,,,
170557,2,6,3,,,,
170557,3,4,6,,,,
170557,4,6,1,,,,
170558,1,7,6,7,4,1,
170558,2,6,4,,,,
170558,3,6,3,,,,
170559,1,7,5,,,,
170559,2,6,7,6,8,,1
170559,3,6,2,,,,
170559,4,6,7,6,8,,1
170559,5,6,2,,,,
170560,1,6,1,,,,
170560,2,6,2,,,,
170560,3,6,4,,,,
170561,1,6,7,2,7,,1
170561,2,4,6,,,,
170561,3,6,2,,,,
170561,4,6,3,,,,
170561,5,6,4,,,,
170562,1,6,1,,,,
170562,2,6,3,,,,
170562,3,7,6,7,5,1,
170563,1,6,4,,,,
170563,2,6,4,,,,
170563,3,6,1,,,,
170564,1,6,7,4,7,,1
170564,2,6,3,,,,
170564,3,3,6,,,,
170564,4,6,3,,,,
170564,5,6,4,,,,
170565,1,6,2,,,,
170565,2,6,1,,,,
170565,3,5,7,,,,
170565,4,7,6,7,3,1,
170566,1,6,3,,,,
170566,2,6,4,,,,
170566,3,2,6,,,,
170566,4,6,3,,,,
170567,1,6,4,,,,
170567,2,6,4,,,,
170567,3,6,7,4,7,,1
170567,4,7,6,8,6,1,
170568,1,6,3,,,,
170568,2,2,6,,,,
170568,3,6,0,,,,
170568,4,1,6,,,,
170568,5,6,2,,,,
170569,1,3,6,,,,
170569,2,6,4,,,,
170569,3,6,2,,,,
170569,4,6,2,,,,
170570,1,7,6,7,3,1,
170570,2,6,3,,,,
170570,3,7,6,7,2,1,
170571,1,6,1,,,,
170571,2,7,6,7,4,1,
170571,3,5,7,,,,
170571,4,6,3,,,,
170572,1,6,4,,,,
170572,2,6,4,,,,
170572,3,6,4,,,,
170573,1,6,7,5,7,,1
170573,2,6,3,,,,
170573,3,7,6,7,3,1,
170573,4,6,2,,,,
170574,1,6,4,,,,
170574,2,6,3,,,,
170574,3,6,3,,,,
170575,1,6,4,,,,
170575,2,6,4,,,,
170575,3,6,4,,,,
170576,1,6,1,,,,
170576,2,7,5,,,,
170576,3,7,5,,,,
170577,1,6,0,,,,
170577,2,6,3,,,,
170577,3,6,4,,,,
170578,1,6,4,,,,
170578,2,7,6,7,2,1,
170578,3,6,2,,,,
170579,1,6,3,,,,
170579,2,6,4,,,,
170579,3,2,6,,,,
170579,4,7,6,7,2,1,
170580,1,6,1,,,,
170580,2,6,2,,,,
170580,3,6,4,,,,
170581,1,6,3,,,,
170581,2,7,6,7,5,1,
170581,3,6,4,,,,
170582,1,6,3,,,,
170582,2,6,7,14,16,,1
170582,3,6,3,,,,
170582,4,6,3,,,,
170583,1,6,2,,,,
170583,2,6,3,,,,
170583,3,6,4,,,,
170584,1,6,2,,,,
170584,2,4,1,,,,
170585,1,6,2,,,,
170585,2,6,7,6,8,,1
170585,3,7,6,10,8,1,
170585,4,6,4,,,,
170586,1,6,3,,,,
170586,2,6,3,,,,
170586,3,6,1,,,,
170587,1,6,1,,,,
170587,2,7,6,7,5,1,
170587,3,7,5,,,,
170588,1,6,7,3,7,,1
170588,2,6,3,,,,
170588,3,6,2,,,,
170588,4,6,4,,,,
170589,1,6,7,6,8,,1
170589,2,7,6,7,0,1,
170589,3,6,4,,,,
170589,4,6,1,,,,
170590,1,6,4,,,,
170590,2,6,4,,,,
170590,3,6,4,,,,
170591,1,6,4,,,,
170591,2,6,4,,,,
170591,3,7,5,,,,
170592,1,6,3,,,,
170592,2,3,6,,,,
170592,3,6,0,,,,
170592,4,6,1,,,,
170593,1,6,0,,,,
170593,2,6,7,4,7,,1
170593,3,6,1,,,,
170593,4,6,4,,,,
170594,1,7,6,7,3,1,
170594,2,7,6,7,2,1,
170594,3,6,4,,,,
170595,1,6,3,,,,
170595,2,6,4,,,,
170595,3,6,3,,,,
170596,1,6,3,,,,
170596,2,6,4,,,,
170596,3,6,2,,,,
170597,1,6,2,,,,
170597,2,6,3,,,,
170597,3,4,6,,,,
170597,4,7,5,,,,
170598,1,6,3,,,,
170598,2,6,1,,,,
170598,3,4,6,,,,
170598,4,3,6,,,,
170598,5,6,3,,,,
170599,1,6,7,5,7,,1
170599,2,7,5,,,,
170599,3,6,4,,,,
170599,4,7,6,7,4,1,
170600,1,6,1,,,,
170600,2,6,4,,,,
170600,3,7,5,,,,
170601,1,6,3,,,,
170601,2,7,5,,,,
170601,3,6,7,6,8,,1
170601,4,7,5,,,,
170602,1,6,1,,,,
170602,2,6,2,,,,
170602,3,6,4,,,,
170603,1,6,3,,,,
170603,2,6,4,,,,
170603,3,6,3,,,,
170604,1,6,3,,,,
170604,2,6,4,,,,
170604,3,7,6,7,4,1,
170605,1,7,5,,,,
170605,2,3,6,,,,
170605,3,6,4,,,,
170605,4,6,1,,,,
170606,1,6,4,,,,
170606,2,6,2,,,,
170606,3,6,3,,,,
170607,1,7,6,7,0,1,
170607,2,6,3,,,,
170607,3,6,4,,,,
170608,1,6,2,,,,
170608,2,3,0,,,,
170609,1,7,5,,,,
170609,2,6,4,,,,
170609,3,6,7,5,7,,1
170609,4,3,6,,,,
170609,5,6,2,,,,
170610,1,6,4,,,,
170610,2,7,6,7,5,1,
170610,3,6,4,,,,
170611,1,6,1,,,,
170611,2,7,5,,,,
170611,3,6,2,,,,
170612,1,4,6,,,,
170612,2,6,2,,,,
170612,3,6,4,,,,
170612,4,0,6,,,,
170612,5,8,6,,,,
170613,1,6,4,,,,
170613,2,6,7,5,7,,1
170613,3,6,4,,,,
170613,4,6,2,,,,
170614,1,7,5,,,,
170614,2,6,4,,,,
170614,3,7,6,7,2,1,
170615,1,3,6,,,,
170615,2,6,3,,,,
170615,3,1,6,,,,
170615,4,7,6,7,4,1,
170615,5,7,5,,,,
170616,1,6,2,,,,
170616,2,6,2,,,,
170616,3,6,4,,,,
170617,1,7,5,,,,
170617,2,6,1,,,,
170617,3,6,3,,,,
170618,1,6,1,,,,
170618,2,6,3,,,,
170618,3,6,4,,,,
170619,1,7,6,7,3,1,
170619,2,6,7,3,7,,1
170619,3,7,5,,,,
170619,4,4,6,,,,
170619,5,12,10,,,,
170620,1,6,7,6,8,,1
170620,2,3,6,,,,
170620,3,6,3,,,,
170620,4,6,2,,,,
170620,5,6,3,,,,
170621,1,6,3,,,,
170621,2,7,6,7,4,1,
170621,3,5,7,,,,
170621,4,6,3,,,,
170622,1,6,4,,,,
170622,2,4,6,,,,
170622,3,7,6,7,5,1,
170622,4,3,6,,,,
170622,5,6,3,,,,
170623,1,6,2,,,,
170623,2,6,1,,,,
170623,3,6,4,,,,
170624,1,4,6,,,,
170624,2,6,3,,,,
170624,3,6,1,,,,
170624,4,6,3,,,,
170625,1,6,4,,,,
170625,2,6,2,,,,
170625,3,7,6,7,2,1,
170626,1,7,6,7,4,1,
170626,2,6,1,,,,
170626,3,6,1,,,,
170627,1,6,1,,,,
170627,2,6,3,,,,
170627,3,4,6,,,,
170627,4,6,3,,,,
170628,1,1,6,,,,
170628,2,7,6,7,5,1,
170628,3,6,1,,,,
170628,4,7,6,7,4,1,
170629,1,2,6,,,,
170629,2,6,3,,,,
170629,3,6,4,,,,
170629,4,6,1,,,,
170630,1,6,3,,,,
170630,2,2,6,,,,
170630,3,6,2,,,,
170630,4,6,3,,,,
170631,1,6,4,,,,
170631,2,7,6,7,4,1,
170631,3,6,7,0,7,,1
170631,4,6,4,,,,
170632,1,6,4,,,,
170632,2,7,6,8,6,1,
170632,3,4,6,,,,
170632,4,6,2,,,,
170633,1,6,2,,,,
170633,2,7,5,,,,
170633,3,1,6,,,,
170633,4,7,5,,,,
170634,1,6,2,,,,
170634,2,6,2,,,,
170634,3,6,3,,,,
170635,1,6,4,,,,
170635,2,6,4,,,,
170635,3,7,6,7,4,1,
170636,1,6,1,,,,
170636,2,6,3,,,,
170636,3,6,1,,,,
170637,1,6,7,1,7,,1
170637,2,6,2,,,,
170637,3,6,3,,,,
170637,4,6,3,,,,
170638,1,7,6,7,4,1,
170638,2,4,6,,,,
170638,3,7,5,,,,
170638,4,7,5,,,,
170639,1,7,6,7,4,1,
170639,2,6,3,,,,
170639,3,7,6,7,4,1,
170640,1,6,3,,,,
170640,2,4,6,,,,
170640,3,6,4,,,,
170640,4,6,4,,,,
170641,1,7,6,7,5,1,
170641,2,4,6,,,,
170641,3,7,6,8,6,1,
170641,4,7,6,7,5,1,
170642,1,7,6,7,0,1,
170642,2,3,6,,,,
170642,3,4,6,,,,
170642,4,6,0,,,,
170642,5,7,5,,,,
170643,1,6,3,,,,
170643,2,7,6,7,4,1,
170643,3,6,7,3,7,,1
170643,4,6,7,5,7,,1
170643,5,9,7,,,,
170644,1,6,4,,,,
170644,2,6,2,,,,
170644,3,7,5,,,,
170645,1,5,7,,,,
170645,2,6,3,,,,
170645,3,7,5,,,,
170645,4,7,6,7,5,1,
170646,1,6,2,,,,
170646,2,6,3,,,,
170646,3,6,3,,,,
170647,1,5,7,,,,
170647,2,7,6,7,3,1,
170647,3,2,6,,,,
170647,4,6,3,,,,
170647,5,6,0,,,,
170648,1,3,6,,,,
170648,2,6,2,,,,
170648,3,6,1,,,,
170648,4,4,6,,,,
170648,5,6,3,,,,
170649,1,6,3,,,,
170649,2,6,3,,,,
170649,3,6,2,,,,
170650,1,6,3,,,,
170650,2,6,3,,,,
170650,3,6,2,,,,
170651,1,6,2,,,,
170651,2,7,5,,,,
170651,3,6,4,,,,
170652,1,6,3,,,,
170652,2,6,7,4,7,,1
170652,3,6,3,,,,
170652,4,6,3,,,,
170653,1,6,7,2,7,,1
170653,2,6,3,,,,
170653,3,7,6,7,0,1,
170653,4,7,6,7,3,1,
170654,1,7,6,7,3,1,
170654,2,7,6,7,4,1,
170654,3,4,6,,,,
170654,4,7,6,7,4,1,
170655,1,6,7,4,7,,1
170655,2,7,5,,,,
170655,3,6,2,,,,
170655,4,6,3,,,,
170656,1,6,2,,,,
170656,2,4,6,,,,
170656,3,7,6,7,4,1,
170656,4,6,7,7,9,,1
170656,5,6,3,,,,
170657,1,7,6,7,4,1,
170657,2,7,5,,,,
170657,3,7,6,7,3,1,
170658,1,6,1,,,,
170658,2,6,4,,,,
170658,3,6,4,,,,
170659,1,6,4,,,,
170659,2,7,6,7,3,1,
170659,3,6,2,,,,
170660,1,3,6,,,,
170660,2,6,3,,,,
170660,3,6,7,5,7,,1
170660,4,6,2,,,,
170660,5,2,0,,,,
170661,1,6,4,,,,
170661,2,3,6,,,,
170661,3,6,3,,,,
170661,4,6,4,,,,
170662,1,6,4,,,,
170662,2,7,6,7,5,1,
170662,3,6,3,,,,
170663,1,7,6,7,1,1,
170663,2,6,3,,,,
170663,3,6,4,,,,
170664,1,6,2,,,,
170664,2,7,6,7,4,1,
170664,3,6,2,,,,
170665,1,6,1,,,,
170665,2,5,2,,,,
170666,1,6,2,,,,
170666,2,6,7,5,7,,1
170666,3,6,3,,,,
170666,4,3,6,,,,
170666,5,6,1,,,,
173460,1,6,3,,,,
173460,2,6,2,,,,
173460,3,6,2,,,,
173529,1,6,4,,,,
173529,2,6,4,,,,
173529,3,7,6,7,5,1,
173473,1,5,7,,,,
173473,2,4,2,,,,
173519,1,6,2,,,,
173519,2,6,3,,,,
173519,3,7,6,7,3,1,
173513,1,6,0,,,,
173513,2,6,2,,,,
173513,3,6,2,,,,
173531,1,6,3,,,,
173531,2,6,4,,,,
173531,3,6,4,,,,
173532,1,6,0,,,,
173532,2,7,5,,,,
173532,3,6,3,,,,
173464,1,6,1,,,,
173464,2,6,2,,,,
173464,3,6,1,,,,
173502,1,7,6,7,3,1,
173502,2,7,6,9,7,1,
173502,3,3,1,,,,
173533,1,7,6,7,4,1,
173533,2,7,6,7,3,1,
173533,3,4,6,,,,
173533,4,6,3,,,,
173534,1,4,6,,,,
173534,2,7,6,8,6,1,
173534,3,6,1,,,,
173534,4,4,0,,,,
173468,1,6,7,5,7,,1
173468,2,2,6,,,,
173468,3,6,3,,,,
173468,4,7,5,,,,
173468,5,6,4,,,,
173480,1,6,2,,,,
173480,2,6,2,,,,
173480,3,6,4,,,,
173535,1,7,6,7,2,1,
173535,2,4,6,,,,
173535,3,7,6,7,5,1,
173535,4,4,6,,,,
173535,5,6,2,,,,
173536,1,6,7,5,7,,1
173536,2,7,6,7,5,1,
173536,3,7,6,7,3,1,
173536,4,7,6,7,5,1,
173462,1,3,6,,,,
173462,2,6,7,6,8,,1
173462,3,6,0,,,,
173462,4,6,2,,,,
173462,5,3,0,,,,
173489,1,6,4,,,,
173489,2,6,1,,,,
173489,3,6,4,,,,
173537,1,3,6,,,,
173537,2,7,6,8,6,1,
173537,3,6,4,,,,
173537,4,6,7,4,7,,1
173537,5,7,6,8,6,1,
173481,1,4,6,,,,
173481,2,6,3,,,,
173481,3,6,2,,,,
173481,4,6,2,,,,
173471,1,7,6,7,2,1,
173471,2,6,4,,,,
173471,3,6,2,,,,
173518,1,6,7,5,7,,1
173518,2,6,7,5,7,,1
173518,3,6,3,,,,
173518,4,6,2,,,,
173518,5,6,4,,,,
173538,1,5,7,,,,
173538,2,7,6,8,6,1,
173538,3,6,3,,,,
173538,4,6,1,,,,
173539,1,3,6,,,,
173539,2,3,1,,,,
173506,1,6,4,,,,
173506,2,7,6,7,5,1,
173506,3,6,4,,,,
173499,1,6,1,,,,
173499,2,6,4,,,,
173499,3,6,4,,,,
173540,1,6,3,,,,
173540,2,6,4,,,,
173540,3,6,7,5,7,,1
173540,4,6,3,,,,
173541,1,6,7,5,7,,1
173541,2,6,4,,,,
173541,3,6,1,,,,
173541,4,7,6,7,5,1,
173444,1,4,6,,,,
173444,2,0,6,,,,
173444,3,6,1,,,,
173444,4,7,6,10,8,1,
173444,5,6,4,,,,
173523,1,6,1,,,,
173523,2,7,5,,,,
173523,3,6,4,,,,
173474,1,6,3,,,,
173474,2,6,1,,,,
173474,3,6,3,,,,
173530,1,7,5,,,,
173530,2,7,6,9,7,1,
173530,3,6,4,,,,
173494,1,6,4,,,,
173494,2,6,3,,,,
173494,3,5,7,,,,
173494,4,1,6,,,,
173494,5,6,3,,,,
173492,1,6,2,,,,
173492,2,6,4,,,,
173492,3,7,6,7,3,1,
173542,1,6,4,,,,
173542,2,6,4,,,,
173542,3,2,6,,,,
173542,4,6,4,,,,
173543,1,3,6,,,,
173543,2,6,3,,,,
173543,3,6,4,,,,
173543,4,6,2,,,,
173469,1,7,6,7,5,1,
173469,2,6,3,,,,
173469,3,6,3,,,,
173515,1,6,4,,,,
173515,2,6,4,,,,
173515,3,6,7,5,7,,1
173515,4,6,7,4,7,,1
173515,5,6,2,,,,
173544,1,6,3,,,,
173544,2,3,6,,,,
173544,3,7,6,7,3,1,
173544,4,6,2,,,,
173545,1,6,4,,,,
173545,2,7,6,7,5,1,
173545,3,4,6,,,,
173545,4,6,4,,,,
173497,1,3,6,,,,
173497,2,6,3,,,,
173497,3,6,4,,,,
173497,4,6,3,,,,
173504,1,6,7,3,7,,1
173504,2,6,4,,,,
173504,3,6,3,,,,
173504,4,7,6,7,4,1,
173526,1,6,1,,,,
173526,2,1,6,,,,
173526,3,2,6,,,,
173526,4,6,1,,,,
173526,5,6,4,,,,
173527,1,6,7,3,7,,1
173527,2,6,2,,,,
173527,3,6,3,,,,
173527,4,6,2,,,,
173466,1,6,4,,,,
173466,2,4,6,,,,
173466,3,7,6,8,6,1,
173466,4,6,3,,,,
173525,1,6,0,,,,
173525,2,6,4,,,,
173525,3,6,0,,,,
173546,1,6,3,,,,
173546,2,7,6,8,6,1,
173546,3,6,2,,,,
173472,1,7,5,,,,
173472,2,6,1,,,,
173472,3,7,6,10,8,1,
173487,1,6,3,,,,
173487,2,6,4,,,,
173487,3,6,4,,,,
173491,1,6,3,,,,
173491,2,5,7,,,,
173491,3,6,2,,,,
173491,4,6,1,,,,
173475,1,7,6,9,7,1,
173475,2,6,3,,,,
173475,3,6,3,,,,
173547,1,6,1,,,,
173547,2,7,6,7,0,1,
173547,3,6,3,,,,
173458,1,6,4,,,,
173458,2,4,6,,,,
173458,3,6,4,,,,
173458,4,6,3,,,,
173510,1,4,6,,,,
173510,2,6,3,,,,
173510,3,6,1,,,,
173510,4,6,4,,,,
173548,1,6,4,,,,
173548,2,7,5,,,,
173548,3,6,1,,,,
173482,1,6,4,,,,
173482,2,7,6,7,1,1,
173482,3,2,6,,,,
173482,4,6,3,,,,
173436,1,7,6,7,4,1,
173436,2,7,6,8,6,1,
173436,3,6,7,4,7,,1
173436,4,7,6,7,5,1,
173440,1,6,3,,,,
173440,2,6,0,,,,
173440,3,7,5,,,,
173549,1,7,5,,,,
173549,2,6,4,,,,
173549,3,7,5,,,,
173483,1,5,7,,,,
173483,2,1,6,,,,
173483,3,6,2,,,,
173483,4,6,3,,,,
173483,5,6,2,,,,
173465,1,6,1,,,,
173465,2,6,3,,,,
173465,3,4,6,,,,
173465,4,6,0,,,,
173522,1,6,4,,,,
173522,2,7,5,,,,
173522,3,6,4,,,,
173528,1,6,4,,,,
173528,2,7,6,7,4,1,
173528,3,4,6,,,,
173528,4,6,3,,,,
173550,1,1,6,,,,
173550,2,6,4,,,,
173550,3,6,3,,,,
173550,4,6,4,,,,
173477,1,6,4,,,,
173477,2,6,3,,,,
173477,3,7,5,,,,
173476,1,6,3,,,,
173476,2,7,5,,,,
173476,3,6,4,,,,
173520,1,6,3,,,,
173520,2,7,6,7,2,1,
173520,3,6,3,,,,
173514,1,5,7,,,,
173514,2,7,5,,,,
173514,3,6,2,,,,
173514,4,6,4,,,,
173505,1,6,3,,,,
173505,2,6,3,,,,
173505,3,6,3,,,,
173503,1,7,6,7,3,1,
173503,2,6,3,,,,
173503,3,7,6,7,5,1,
173517,1,6,2,,,,
173517,2,6,3,,,,
173517,3,7,6,9,7,1,
173459,1,7,5,,,,
173459,2,4,6,,,,
173459,3,7,6,7,4,1,
173459,4,5,7,,,,
173459,5,6,4,,,,
173495,1,6,3,,,,
173495,2,7,6,8,6,1,
173495,3,5,7,,,,
173495,4,5,7,,,,
173495,5,7,6,9,7,1,
173490,1,7,6,7,5,1,
173490,2,6,4,,,,
173490,3,5,7,,,,
173490,4,6,7,6,8,,1
173490,5,6,1,,,,
173456,1,2,6,,,,
173456,2,6,4,,,,
173456,3,4,6,,,,
173456,4,7,6,10,8,1,
173456,5,6,4,,,,
173451,1,6,2,,,,
173451,2,1,6,,,,
173451,3,6,2,,,,
173451,4,6,4,,,,
173507,1,6,7,4,7,,1
173507,2,7,6,8,6,1,
173507,3,7,6,13,11,1,
173507,4,7,6,7,5,1,
173500,1,6,4,,,,
173500,2,6,3,,,,
173500,3,6,4,,,,
173551,1,6,4,,,,
173551,2,7,6,10,8,1,
173551,3,7,6,7,2,1,
173524,1,7,6,10,8,1,
173524,2,7,6,10,8,1,
173524,3,5,7,,,,
173524,4,6,4,,,,
173434,1,7,5,,,,
173434,2,6,4,,,,
173434,3,2,0,,,,
173493,1,7,5,,,,
173493,2,6,7,9,11,,1
173493,3,6,4,,,,
173493,4,6,4,,,,
173521,1,6,1,,,,
173521,2,7,6,7,2,1,
173521,3,6,3,,,,
173516,1,6,3,,,,
173516,2,6,1,,,,
173516,3,3,6,,,,
173516,4,6,7,6,8,,1
173516,5,6,4,,,,
173498,1,6,3,,,,
173498,2,6,3,,,,
173498,3,6,3,,,,
173463,1,6,3,,,,
173463,2,2,6,,,,
173463,3,6,2,,,,
173463,4,7,5,,,,
173467,1,3,6,,,,
173467,2,6,3,,,,
173467,3,3,6,,,,
173467,4,6,4,,,,
173467,5,6,3,,,,
173457,1,6,3,,,,
173457,2,6,7,8,10,,1
173457,3,7,6,8,6,1,
173457,4,7,6,7,5,1,
173461,1,7,6,7,5,1,
173461,2,7,6,7,3,1,
173461,3,6,3,,,,
173432,1,4,6,,,,
173432,2,6,4,,,,
173432,3,6,4,,,,
173432,4,7,5,,,,
173552,1,6,3,,,,
173552,2,6,4,,,,
173552,3,6,4,,,,
173511,1,6,3,,,,
173511,2,6,7,5,7,,1
173511,3,6,3,,,,
173511,4,7,5,,,,
173553,1,6,7,15,17,,1
173553,2,6,2,,,,
173553,3,6,4,,,,
173553,4,3,6,,,,
173553,5,7,6,7,5,1,
173554,1,6,1,,,,
173554,2,6,3,,,,
173554,3,6,3,,,,
173509,1,6,4,,,,
173509,2,7,5,,,,
173509,3,3,6,,,,
173509,4,6,7,6,8,,1
173509,5,6,4,,,,
173470,1,6,4,,,,
173470,2,6,2,,,,
173470,3,6,7,7,9,,1
173470,4,4,6,,,,
173470,5,6,3,,,,
173484,1,6,3,,,,
173484,2,6,2,,,,
173484,3,6,2,,,,
173452,1,6,3,,,,
173452,2,6,4,,,,
173452,3,4,6,,,,
173452,4,6,0,,,,
173448,1,6,2,,,,
173448,2,7,6,7,3,1,
173448,3,6,3,,,,
173439,1,6,2,,,,
173439,2,6,4,,,,
173439,3,2,6,,,,
173439,4,6,4,,,,
173496,1,7,6,8,6,1,
173496,2,6,1,,,,
173496,3,6,2,,,,
173478,1,6,3,,,,
173478,2,6,3,,,,
173478,3,6,2,,,,
173508,1,6,4,,,,
173508,2,6,4,,,,
173508,3,7,6,8,6,1,
173501,1,2,6,,,,
173501,2,6,3,,,,
173501,3,6,4,,,,
173501,4,6,3,,,,
173479,1,7,6,7,3,1,
173479,2,6,3,,,,
173479,3,6,7,10,12,,1
173479,4,4,6,,,,
173479,5,6,3,,,,
173453,1,4,6,,,,
173453,2,3,6,,,,
173453,3,6,1,,,,
173453,4,7,6,10,8,1,
173453,5,6,3,,,,
173437,1,6,4,,,,
173437,2,7,5,,,,
173437,3,6,4,,,,
173446,1,6,3,,,,
173446,2,3,6,,,,
173446,3,7,6,9,7,1,
173446,4,6,4,,,,
173488,1,6,2,,,,
173488,2,7,5,,,,
173488,3,6,2,,,,
173555,1,6,7,3,7,,1
173555,2,6,3,,,,
173555,3,4,6,,,,
173555,4,6,4,,,,
173555,5,6,3,,,,
173512,1,7,6,7,5,1,
173512,2,6,4,,,,
173512,3,6,4,,,,
173445,1,5,7,,,,
173445,2,6,3,,,,
173445,3,7,5,,,,
173445,4,6,4,,,,
173454,1,6,1,,,,
173454,2,6,2,,,,
173454,3,6,4,,,,
173442,1,6,4,,,,
173442,2,6,7,5,7,,1
173442,3,6,2,,,,
173442,4,6,3,,,,
173450,1,6,7,8,10,,1
173450,2,4,6,,,,
173450,3,7,6,7,4,1,
173450,4,6,4,,,,
173450,5,7,6,10,8,1,
173431,1,6,1,,,,
173431,2,6,1,,,,
173431,3,7,6,7,5,1,
173438,1,6,7,4,7,,1
173438,2,6,4,,,,
173438,3,7,5,,,,
173438,4,7,6,7,2,1,
173433,1,6,7,6,8,,1
173433,2,6,3,,,,
173433,3,6,2,,,,
173433,4,4,6,,,,
173433,5,6,4,,,,
173430,1,6,7,11,13,,1
173430,2,7,6,7,3,1,
173430,3,7,5,,,,
173430,4,7,6,7,5,1,
173447,1,7,5,,,,
173447,2,7,6,8,6,1,
173447,3,6,7,1,7,,1
173447,4,7,5,,,,
173485,1,6,0,,,,
173485,2,6,1,,,,
173485,3,7,6,7,4,1,
173435,1,6,1,,,,
173435,2,4,1,,,,
173443,1,7,6,7,4,1,
173443,2,6,3,,,,
173443,3,6,7,2,7,,1
173443,4,6,4,,,,
173449,1,7,5,,,,
173449,2,4,6,,,,
173449,3,6,4,,,,
173449,4,7,6,7,2,1,
173486,1,6,3,,,,
173486,2,6,4,,,,
173486,3,6,2,,,,
173455,1,6,0,,,,
173455,2,6,2,,,,
173455,3,6,2,,,,
173441,1,6,2,,,,
173441,2,6,4,,,,
173441,3,6,0,,,,
173429,1,6,3,,,,
173429,2,6,2,,,,
173429,3,6,3,,,,
176238,1,6,2,,,,
176238,2,6,3,,,,
176238,3,6,0,,,,
176239,1,6,3,,,,
176239,2,6,4,,,,
176239,3,7,6,7,3,1,
176240,1,7,6,7,1,1,
176240,2,6,3,,,,
176240,3,4,6,,,,
176240,4,6,0,,,,
176241,1,6,4,,,,
176241,2,3,6,,,,
176241,3,6,1,,,,
176241,4,7,6,7,2,1,
176242,1,6,2,,,,
176242,2,7,6,7,3,1,
176242,3,7,6,7,1,1,
176243,1,6,1,,,,
176243,2,6,3,,,,
176243,3,6,3,,,,
176244,1,6,4,,,,
176244,2,6,1,,,,
176244,3,6,2,,,,
176245,1,4,6,,,,
176245,2,6,4,,,,
176245,3,7,6,7,4,1,
176245,4,6,3,,,,
176246,1,6,1,,,,
176246,2,6,4,,,,
176246,3,6,2,,,,
176247,1,7,6,7,4,1,
176247,2,6,4,,,,
176247,3,7,5,,,,
176248,1,6,4,,,,
176248,2,6,7,5,7,,1
176248,3,6,7,5,7,,1
176248,4,6,2,,,,
176248,5,6,4,,,,
176249,1,7,5,,,,
176249,2,4,6,,,,
176249,3,7,6,7,4,1,
176249,4,6,4,,,,
176250,1,6,3,,,,
176250,2,6,3,,,,
176250,3,6,3,,,,
176251,1,6,4,,,,
176251,2,2,6,,,,
176251,3,4,6,,,,
176251,4,6,4,,,,
176251,5,7,6,10,8,1,
176252,1,7,6,7,1,1,
176252,2,1,6,,,,
176252,3,6,7,5,7,,1
176252,4,6,1,,,,
176252,5,6,4,,,,
176253,1,6,3,,,,
176253,2,7,5,,,,
176253,3,6,2,,,,
176254,1,6,3,,,,
176254,2,4,6,,,,
176254,3,6,4,,,,
176254,4,6,2,,,,
176255,1,6,3,,,,
176255,2,6,4,,,,
176255,3,7,5,,,,
176256,1,7,5,,,,
176256,2,5,7,,,,
176256,3,6,0,,,,
176256,4,6,3,,,,
176257,1,6,7,5,7,,1
176257,2,6,2,,,,
176257,3,6,1,,,,
176257,4,0,0,,,,
176258,1,6,7,5,7,,1
176258,2,7,6,7,4,1,
176258,3,7,6,9,7,1,
176258,4,7,6,7,5,1,
176259,1,4,6,,,,
176259,2,6,3,,,,
176259,3,6,4,,,,
176259,4,6,7,6,8,,1
176259,5,6,4,,,,
176260,1,6,4,,,,
176260,2,6,4,,,,
176260,3,7,6,7,3,1,
176261,1,7,5,,,,
176261,2,6,7,4,7,,1
176261,3,6,4,,,,
176261,4,6,4,,,,
176262,1,6,4,,,,
176262,2,6,3,,,,
176262,3,6,1,,,,
176263,1,7,5,,,,
176263,2,3,6,,,,
176263,3,3,6,,,,
176263,4,7,5,,,,
176263,5,6,4,,,,
176264,1,6,2,,,,
176264,2,6,0,,,,
176264,3,6,3,,,,
176265,1,6,3,,,,
176265,2,0,6,,,,
176265,3,6,4,,,,
176265,4,7,6,7,5,1,
176266,1,6,7,5,7,,1
176266,2,6,4,,,,
176266,3,7,5,,,,
176266,4,3,6,,,,
176266,5,6,3,,,,
176267,1,7,5,,,,
176267,2,6,2,,,,
176267,3,6,1,,,,
176268,1,6,3,,,,
176268,2,7,6,8,6,1,
176268,3,1,6,,,,
176268,4,4,6,,,,
176268,5,7,6,8,6,1,
176269,1,6,4,,,,
176269,2,7,6,7,4,1,
176269,3,6,3,,,,
176270,1,6,3,,,,
176270,2,6,1,,,,
176270,3,6,3,,,,
176271,1,6,1,,,,
176271,2,6,4,,,,
176271,3,7,5,,,,
176272,1,6,4,,,,
176272,2,6,2,,,,
176272,3,6,2,,,,
176273,1,6,3,,,,
176273,2,6,4,,,,
176273,3,6,4,,,,
176274,1,6,3,,,,
176274,2,7,5,,,,
176274,3,6,4,,,,
176275,1,6,7,8,10,,1
176275,2,7,6,7,1,1,
176275,3,6,4,,,,
176275,4,7,6,7,5,1,
176276,1,6,4,,,,
176276,2,6,3,,,,
176276,3,6,2,,,,
176277,1,3,6,,,,
176277,2,6,7,3,7,,1
176277,3,6,4,,,,
176277,4,6,3,,,,
176277,5,7,6,7,5,1,
176278,1,6,3,,,,
176278,2,6,7,7,9,,1
176278,3,6,1,,,,
176278,4,7,6,7,3,1,
176279,1,7,6,7,2,1,
176279,2,6,2,,,,
176279,3,6,4,,,,
176280,1,4,6,,,,
176280,2,6,4,,,,
176280,3,6,4,,,,
176280,4,6,4,,,,
176281,1,4,6,,,,
176281,2,6,2,,,,
176281,3,6,0,,,,
176281,4,6,4,,,,
176282,1,6,7,4,7,,1
176282,2,1,6,,,,
176282,3,6,2,,,,
176282,4,6,3,,,,
176282,5,6,4,,,,
176283,1,7,6,7,3,1,
176283,2,6,3,,,,
176283,3,1,6,,,,
176283,4,7,5,,,,
176284,1,7,6,9,7,1,
176284,2,7,6,7,1,1,
176284,3,3,6,,,,
176284,4,4,6,,,,
176284,5,7,5,,,,
176285,1,6,3,,,,
176285,2,6,2,,,,
176285,3,6,2,,,,
176286,1,6,0,,,,
176286,2,6,2,,,,
176286,3,6,3,,,,
176287,1,7,5,,,,
176287,2,6,1,,,,
176287,3,6,2,,,,
176288,1,6,4,,,,
176288,2,6,3,,,,
176288,3,6,4,,,,
176289,1,6,2,,,,
176289,2,6,1,,,,
176289,3,6,3,,,,
176290,1,6,4,,,,
176290,2,3,6,,,,
176290,3,6,3,,,,
176290,4,6,7,2,7,,1
176290,5,6,0,,,,
176291,1,6,3,,,,
176291,2,6,2,,,,
176291,3,6,4,,,,
176292,1,6,1,,,,
176292,2,6,4,,,,
176292,3,6,4,,,,
176293,1,6,2,,,,
176293,2,6,2,,,,
176293,3,7,5,,,,
176294,1,6,4,,,,
176294,2,6,2,,,,
176294,3,6,2,,,,
176295,1,4,6,,,,
176295,2,6,4,,,,
176295,3,2,6,,,,
176295,4,6,3,,,,
176295,5,6,2,,,,
176296,1,6,4,,,,
176296,2,6,3,,,,
176296,3,4,6,,,,
176296,4,6,7,8,10,,1
176296,5,6,4,,,,
176297,1,7,6,9,7,1,
176297,2,6,3,,,,
176297,3,7,6,7,4,1,
176298,1,3,6,,,,
176298,2,4,6,,,,
176298,3,6,1,,,,
176298,4,6,2,,,,
176298,5,6,3,,,,
176299,1,6,4,,,,
176299,2,3,6,,,,
176299,3,6,2,,,,
176299,4,7,6,7,1,1,
176300,1,6,4,,,,
176300,2,6,2,,,,
176300,3,7,5,,,,
176301,1,7,6,7,5,1,
176301,2,6,2,,,,
176301,3,2,6,,,,
176301,4,6,1,,,,
176302,1,6,3,,,,
176302,2,7,6,7,4,1,
176302,3,6,1,,,,
176303,1,6,4,,,,
176303,2,6,1,,,,
176303,3,1,6,,,,
176303,4,6,4,,,,
176304,1,6,2,,,,
176304,2,6,4,,,,
176304,3,4,6,,,,
176304,4,7,5,,,,
176305,1,6,2,,,,
176305,2,2,6,,,,
176305,3,6,4,,,,
176305,4,3,6,,,,
176305,5,7,6,10,8,1,
176306,1,4,6,,,,
176306,2,7,6,10,8,1,
176306,3,6,4,,,,
176306,4,7,5,,,,
176307,1,7,5,,,,
176307,2,6,3,,,,
176307,3,6,2,,,,
176308,1,4,6,,,,
176308,2,6,7,5,7,,1
176308,3,7,6,7,4,1,
176308,4,6,2,,,,
176308,5,6,2,,,,
176309,1,6,2,,,,
176309,2,5,7,,,,
176309,3,6,7,5,7,,1
176309,4,6,1,,,,
176309,5,6,2,,,,
176310,1,7,5,,,,
176310,2,6,1,,,,
176310,3,6,3,,,,
176311,1,6,2,,,,
176311,2,7,6,7,5,1,
176311,3,6,2,,,,
176312,1,6,4,,,,
176312,2,6,3,,,,
176312,3,6,3,,,,
176313,1,4,6,,,,
176313,2,7,5,,,,
176313,3,6,3,,,,
176313,4,3,6,,,,
176313,5,6,4,,,,
176314,1,6,1,,,,
176314,2,6,4,,,,
176314,3,4,6,,,,
176314,4,1,6,,,,
176314,5,6,3,,,,
176315,1,6,2,,,,
176315,2,6,3,,,,
176315,3,7,6,7,5,1,
176316,1,4,6,,,,
176316,2,7,6,7,5,1,
176316,3,6,4,,,,
176316,4,6,4,,,,
176317,1,7,6,7,5,1,
176317,2,6,4,,,,
176317,3,7,5,,,,
176318,1,7,6,9,7,1,
176318,2,6,4,,,,
176318,3,4,6,,,,
176318,4,2,6,,,,
176318,5,7,5,,,,
176319,1,7,6,7,2,1,
176319,2,4,6,,,,
176319,3,6,4,,,,
176319,4,6,4,,,,
176320,1,6,1,,,,
176320,2,6,4,,,,
176320,3,3,6,,,,
176320,4,6,3,,,,
176321,1,7,6,7,4,1,
176321,2,6,1,,,,
176321,3,3,6,,,,
176321,4,4,6,,,,
176321,5,7,6,7,4,1,
176322,1,6,4,,,,
176322,2,6,4,,,,
176322,3,6,3,,,,
176323,1,6,4,,,,
176323,2,7,6,8,6,1,
176323,3,3,6,,,,
176323,4,6,7,3,7,,1
176323,5,7,6,7,3,1,
176324,1,6,4,,,,
176324,2,7,5,,,,
176324,3,6,3,,,,
176325,1,6,1,,,,
176325,2,6,4,,,,
176325,3,6,1,,,,
176327,1,6,3,,,,
176327,2,6,4,,,,
176327,3,6,2,,,,
176328,1,6,2,,,,
176328,2,6,7,6,8,,1
176328,3,3,6,,,,
176328,4,6,1,,,,
176328,5,7,6,7,3,1,
176329,1,5,7,,,,
176329,2,6,2,,,,
176329,3,6,4,,,,
176329,4,6,1,,,,
176330,1,6,1,,,,
176330,2,6,4,,,,
176330,3,6,2,,,,
176331,1,6,2,,,,
176331,2,6,4,,,,
176331,3,6,3,,,,
176332,1,6,4,,,,
176332,2,6,3,,,,
176332,3,6,4,,,,
176333,1,6,1,,,,
176333,2,6,4,,,,
176333,3,6,2,,,,
176334,1,6,1,,,,
176334,2,6,2,,,,
176334,3,6,4,,,,
176335,1,6,2,,,,
176335,2,7,6,7,5,1,
176335,3,6,7,6,8,,1
176335,4,6,7,7,9,,1
176335,5,7,6,10,8,1,
176336,1,7,6,7,2,1,
176336,2,6,4,,,,
176336,3,6,3,,,,
176337,1,6,2,,,,
176337,2,6,4,,,,
176337,3,6,7,5,7,,1
176337,4,6,4,,,,
176338,1,6,4,,,,
176338,2,6,3,,,,
176338,3,6,2,,,,
176339,1,6,4,,,,
176339,2,4,1,,,,
176340,1,2,6,,,,
176340,2,7,6,7,3,1,
176340,3,6,4,,,,
176340,4,7,6,7,4,1,
176341,1,6,2,,,,
176341,2,6,2,,,,
176341,3,6,4,,,,
176342,1,6,4,,,,
176342,2,6,4,,,,
176342,3,6,4,,,,
176343,1,7,6,7,0,1,
176343,2,6,2,,,,
176343,3,6,3,,,,
176344,1,6,1,,,,
176344,2,6,1,,,,
176344,3,6,4,,,,
176345,1,4,6,,,,
176345,2,7,6,7,2,1,
176345,3,6,4,,,,
176345,4,4,6,,,,
176345,5,7,6,10,8,1,
176346,1,7,5,,,,
176346,2,6,4,,,,
176346,3,7,6,7,2,1,
176347,1,6,7,3,7,,1
176347,2,6,4,,,,
176347,3,6,0,,,,
176347,4,5,7,,,,
176347,5,6,3,,,,
176348,1,6,2,,,,
176348,2,6,3,,,,
176348,3,7,6,9,7,1,
176349,1,6,3,,,,
176349,2,6,2,,,,
176349,3,6,2,,,,
176350,1,6,3,,,,
176350,2,3,6,,,,
176350,3,7,6,8,6,1,
176350,4,7,6,7,4,1,
176351,1,6,2,,,,
176351,2,6,4,,,,
176351,3,6,4,,,,
176352,1,6,2,,,,
176352,2,2,6,,,,
176352,3,4,6,,,,
176352,4,7,6,7,2,1,
176352,5,6,2,,,,
176353,1,6,4,,,,
176353,2,6,4,,,,
176353,3,6,4,,,,
176354,1,7,6,7,5,1,
176354,2,7,5,,,,
176354,3,6,7,2,7,,1
176354,4,6,4,,,,
176355,1,4,6,,,,
176355,2,6,1,,,,
176355,3,6,2,,,,
176355,4,6,2,,,,
176356,1,6,4,,,,
176356,2,6,3,,,,
176356,3,7,5,,,,
176357,1,6,3,,,,
176357,2,6,4,,,,
176357,3,6,4,,,,
176358,1,7,6,7,3,1,
176358,2,7,6,7,4,1,
176358,3,4,6,,,,
176358,4,7,6,8,6,1,
176359,1,1,6,,,,
176359,2,6,3,,,,
176359,3,6,4,,,,
176359,4,6,2,,,,
176360,1,6,3,,,,
176360,2,2,6,,,,
176360,3,2,6,,,,
176360,4,7,6,10,8,1,
176360,5,6,3,,,,
176361,1,6,4,,,,
176361,2,6,3,,,,
176361,3,7,6,7,1,1,
176362,1,3,6,,,,
176362,2,6,4,,,,
176362,3,7,6,7,3,1,
176362,4,7,6,7,4,1,
176363,1,7,6,7,1,1,
176363,2,6,4,,,,
176363,3,6,3,,,,
176364,1,6,4,,,,
176364,2,4,6,,,,
176364,3,2,6,,,,
176364,4,6,3,,,,
176364,5,6,4,,,,
